-- MySQL dump 10.13  Distrib 5.7.27, for Linux (x86_64)
--
-- Host: localhost    Database: country
-- ------------------------------------------------------
-- Server version	5.7.27-0ubuntu0.18.04.1-log

/*!40101 SET @OLD_CHARACTER_SET_CLIENT=@@CHARACTER_SET_CLIENT */;
/*!40101 SET @OLD_CHARACTER_SET_RESULTS=@@CHARACTER_SET_RESULTS */;
/*!40101 SET @OLD_COLLATION_CONNECTION=@@COLLATION_CONNECTION */;
/*!40101 SET NAMES utf8 */;
/*!40103 SET @OLD_TIME_ZONE=@@TIME_ZONE */;
/*!40103 SET TIME_ZONE='+00:00' */;
/*!40014 SET @OLD_UNIQUE_CHECKS=@@UNIQUE_CHECKS, UNIQUE_CHECKS=0 */;
/*!40014 SET @OLD_FOREIGN_KEY_CHECKS=@@FOREIGN_KEY_CHECKS, FOREIGN_KEY_CHECKS=0 */;
/*!40101 SET @OLD_SQL_MODE=@@SQL_MODE, SQL_MODE='NO_AUTO_VALUE_ON_ZERO' */;
/*!40111 SET @OLD_SQL_NOTES=@@SQL_NOTES, SQL_NOTES=0 */;

--
-- Table structure for table `asset`
--

DROP TABLE IF EXISTS `asset`;
/*!40101 SET @saved_cs_client     = @@character_set_client */;
/*!40101 SET character_set_client = utf8 */;
CREATE TABLE `asset` (
  `id` int(11) NOT NULL AUTO_INCREMENT,
  `category` varchar(50) DEFAULT NULL,
  `sub_category` varchar(50) DEFAULT NULL,
  `ref_id` int(11) DEFAULT NULL,
  `filename` varchar(200) DEFAULT NULL,
  `description` varchar(1000) DEFAULT NULL,
  `modified_by` varchar(255) DEFAULT NULL,
  `modified_on` datetime DEFAULT NULL,
  `version` int(11) DEFAULT NULL,
  `path` varchar(500) DEFAULT NULL,
  `path_small` varchar(500) DEFAULT NULL,
  PRIMARY KEY (`id`)
) ENGINE=InnoDB DEFAULT CHARSET=latin1;
/*!40101 SET character_set_client = @saved_cs_client */;

--
-- Dumping data for table `asset`
--

LOCK TABLES `asset` WRITE;
/*!40000 ALTER TABLE `asset` DISABLE KEYS */;
/*!40000 ALTER TABLE `asset` ENABLE KEYS */;
UNLOCK TABLES;

--
-- Table structure for table `city`
--

DROP TABLE IF EXISTS `city`;
/*!40101 SET @saved_cs_client     = @@character_set_client */;
/*!40101 SET character_set_client = utf8 */;
CREATE TABLE `city` (
  `id` int(11) NOT NULL AUTO_INCREMENT,
  `name` varchar(255) DEFAULT NULL,
  `country_dataid` int(11) DEFAULT NULL,
  `version` int(11) NOT NULL DEFAULT '0',
  PRIMARY KEY (`id`),
  KEY `fk_city_info_1_idx` (`country_dataid`),
  CONSTRAINT `fk_city_info_1` FOREIGN KEY (`country_dataid`) REFERENCES `country_data` (`id`) ON DELETE NO ACTION ON UPDATE NO ACTION
) ENGINE=InnoDB AUTO_INCREMENT=4448 DEFAULT CHARSET=latin1;
/*!40101 SET character_set_client = @saved_cs_client */;

--
-- Dumping data for table `city`
--

LOCK TABLES `city` WRITE;
/*!40000 ALTER TABLE `city` DISABLE KEYS */;
INSERT INTO `city` VALUES (1,'Herat',1,0),(2,'Kabul',1,0),(3,'Kandahar',1,0),(4,'Molah',1,0),(5,'Rana',1,0),(6,'Shar',1,0),(7,'Sharif',1,0),(8,'Wazir Akbar Khan',1,0),(9,'Elbasan',2,0),(10,'Petran',2,0),(11,'Pogradec',2,0),(12,'Shkoder',2,0),(13,'Tirana',2,0),(14,'Ura Vajgurore',2,0),(15,'Algiers',3,0),(16,'Annaba',3,0),(17,'Azazga',3,0),(18,'Batna City',3,0),(19,'Blida',3,0),(20,'Bordj',3,0),(21,'Bordj Bou Arreridj',3,0),(22,'Bougara',3,0),(23,'Cheraga',3,0),(24,'Chlef',3,0),(25,'Constantine',3,0),(26,'Djelfa',3,0),(27,'Draria',3,0),(28,'El Tarf',3,0),(29,'Hussein Dey',3,0),(30,'Illizi',3,0),(31,'Jijel',3,0),(32,'Kouba',3,0),(33,'Laghouat',3,0),(34,'Oran',3,0),(35,'Ouargla',3,0),(36,'Oued Smar',3,0),(37,'Relizane',3,0),(38,'Rouiba',3,0),(39,'Saida',3,0),(40,'Souk Ahras',3,0),(41,'Tamanghasset',3,0),(42,'Tiaret',3,0),(43,'Tissemsilt',3,0),(44,'Tizi',3,0),(45,'Tizi Ouzou',3,0),(46,'Tlemcen',3,0),(47,'Andorra la Vella',5,0),(48,'Canillo',5,0),(49,'Encamp',5,0),(50,'Engordany',5,0),(51,'Escaldes-Engordany',5,0),(52,'La Massana',5,0),(53,'Llorts',5,0),(54,'Ordino',5,0),(55,'Santa Coloma',5,0),(56,'Sispony',5,0),(57,'Soldeu',5,0),(58,'Ambriz',6,0),(59,'Benguela',6,0),(60,'Cabinda',6,0),(61,'Cacole',6,0),(62,'Camabatela',6,0),(63,'Cazeta',6,0),(64,'Huambo',6,0),(65,'Kuito',6,0),(66,'Lobito',6,0),(67,'Luanda',6,0),(68,'Lubango',6,0),(69,'Lucapa',6,0),(70,'Lumeje',6,0),(71,'Malanje',6,0),(72,'Menongue',6,0),(73,'Muxaluando',6,0),(74,'Namibe',6,0),(75,'Ondjiva',6,0),(76,'Piri',6,0),(77,'Saurimo',6,0),(78,'Talatona',6,0),(79,'All Saints',9,0),(80,'Cassada Gardens',9,0),(81,'Codrington',9,0),(82,'Old Road',9,0),(83,'Parham',9,0),(84,'Woods',9,0),(85,'28 de Noviembre',10,0),(86,'Abasto',10,0),(87,'Acassuso',10,0),(88,'Acebal',10,0),(89,'Acevedo',10,0),(90,'Adelia Maria',10,0),(91,'Agua de Oro',10,0),(92,'Albardon',10,0),(93,'Albarellos',10,0),(94,'Alberdi',10,0),(95,'Alberti',10,0),(96,'Aldo Bonzi',10,0),(97,'Alejandro Korn',10,0),(98,'Alicia',10,0),(99,'Allen',10,0),(100,'Almafuerte',10,0),(101,'Almagro',10,0),(102,'Almirante Brown',10,0),(103,'Alta Gracia',10,0),(104,'Alta Italia',10,0),(105,'Alvarez',10,0),(106,'Alvear',10,0),(107,'Anatuya',10,0),(108,'Angelica',10,0),(109,'Antonio Carboni',10,0),(110,'Apostoles',10,0),(111,'Arequito',10,0),(112,'Armstrong',10,0),(113,'Arrecifes',10,0),(114,'Arroyito',10,0),(115,'Arroyito',10,0),(116,'Arroyito Challaco',10,0),(117,'Arroyo Seco',10,0),(118,'Arteaga',10,0),(119,'Asamblea',10,0),(120,'Ascension',10,0),(121,'Avellaneda',10,0),(122,'Avellaneda',10,0),(123,'Ayacucho',10,0),(124,'Azara',10,0),(125,'Azul',10,0),(126,'Balcarce',10,0),(127,'Balnearia',10,0),(128,'Banda del Rio Sali',10,0),(129,'Bandera',10,0),(130,'Banfield',10,0),(131,'Baradero',10,0),(132,'Bariloche',10,0),(133,'Barrio Fisherton',10,0),(134,'Batan',10,0),(135,'Beccar',10,0),(136,'Belen de Escobar',10,0),(137,'Belgrano',10,0),(138,'Belgrano',10,0),(139,'Bell Ville',10,0),(140,'Bella Vista',10,0),(141,'Bella Vista',10,0),(142,'Benavidez',10,0),(143,'Berazategui',10,0),(144,'Berisso',10,0),(145,'Bernal',10,0),(146,'Bernardo Larroude',10,0),(147,'Bernasconi',10,0),(148,'Bigand',10,0),(149,'Bombal',10,0),(150,'Bordenave',10,0),(151,'Bosch',10,0),(152,'Bosques',10,0),(153,'Boulogne',10,0),(154,'Bovril',10,0),(155,'Bragado',10,0),(156,'Brandsen',10,0),(157,'Brinkmann',10,0),(158,'Buenos Aires',10,0),(159,'Burzaco',10,0),(160,'Bustinza',10,0),(161,'Caballito',10,0),(162,'Calderon',10,0),(163,'Caleta Olivia',10,0),(164,'Caleufu',10,0),(165,'Camilo Aldao',10,0),(166,'Campana',10,0),(167,'Canada de Gomez',10,0),(168,'Canada del Ucle',10,0),(169,'Canada Rosquin',10,0),(170,'Canals',10,0),(171,'Canning',10,0),(172,'Canuelas',10,0),(173,'Capilla del Monte',10,0),(174,'Capilla del Senor',10,0),(175,'Capitan Bermudez',10,0),(176,'Carhue',10,0),(177,'Carlos Casares',10,0),(178,'Carlos Pellegrini',10,0),(179,'Carlos Tejedor',10,0),(180,'Caseros',10,0),(181,'Casilda',10,0),(182,'Castelar',10,0),(183,'Castelli',10,0),(184,'Castillo',10,0),(185,'Catriel',10,0),(186,'Catrilo',10,0),(187,'Cavanagh',10,0),(188,'Centenario',10,0),(189,'Ceres',10,0),(190,'Cervantes',10,0),(191,'Chacabuco',10,0),(192,'Chacarita',10,0),(193,'Chajari',10,0),(194,'Charata',10,0),(195,'Chateaubriand',10,0),(196,'Chilecito',10,0),(197,'Chivilcoy',10,0),(198,'Choele Choel',10,0),(199,'Chorroarin',10,0),(200,'Cinco Saltos',10,0),(201,'Cipolletti',10,0),(202,'City Bell',10,0),(203,'Ciudad General Belgrano',10,0),(204,'Ciudadela',10,0),(205,'Claypole',10,0),(206,'Clorinda',10,0),(207,'Colon',10,0),(208,'Colon',10,0),(209,'Colonia Baron',10,0),(210,'Colonia Caroya',10,0),(211,'Colonia San Miguel Arcangel',10,0),(212,'Comodoro Rivadavia',10,0),(213,'Concepcion',10,0),(214,'Concepcion',10,0),(215,'Concordia',10,0),(216,'Constituyentes',10,0),(217,'Coronel Dorrego',10,0),(218,'Coronel Martinez de Hoz',10,0),(219,'Coronel Pringles',10,0),(220,'Corral de Bustos',10,0),(221,'Corralitos',10,0),(222,'Corrientes',10,0),(223,'Cosquin',10,0),(224,'Coy Aike',10,0),(225,'Cramer',10,0),(226,'Crespo',10,0),(227,'Cruz del Eje',10,0),(228,'Curuzu Cuatia',10,0),(229,'Cutral-Co',10,0),(230,'Darregueira',10,0),(231,'De Mayo',10,0),(232,'Del Campillo',10,0),(233,'Del Viso',10,0),(234,'Despenaderos',10,0),(235,'Devoto',10,0),(236,'Diaz',10,0),(237,'Diego de Alvear',10,0),(238,'Doblas',10,0),(239,'Dock Sud',10,0),(240,'Dolores',10,0),(241,'Don Bosco',10,0),(242,'Don Torcuato',10,0),(243,'Drabble',10,0),(244,'Eduardo Castex',10,0),(245,'El Calafate',10,0),(246,'El Dorado',10,0),(247,'El Hoyo',10,0),(248,'El Palomar',10,0),(249,'El Palomar',10,0),(250,'El Talar',10,0),(251,'El Trebol',10,0),(252,'Eldorado',10,0),(253,'Embalse',10,0),(254,'Empalme Lobos',10,0),(255,'Ensenada',10,0),(256,'Esperanza',10,0),(257,'Esquel',10,0),(258,'Esteban Echeverria',10,0),(259,'Ezeiza',10,0),(260,'Ezpeleta',10,0),(261,'Famailla',10,0),(262,'Fatima',10,0),(263,'Federal',10,0),(264,'Fernandez',10,0),(265,'Firmat',10,0),(266,'Florencio Varela',10,0),(267,'Florentino Ameghino',10,0),(268,'Flores',10,0),(269,'Floresta',10,0),(270,'Florida',10,0),(271,'Formosa',10,0),(272,'Francisco Alvarez',10,0),(273,'Franck',10,0),(274,'Fray Luis A. Beltran',10,0),(275,'Freyre',10,0),(276,'Frias',10,0),(277,'Funes',10,0),(278,'Gaiman',10,0),(279,'Galvez',10,0),(280,'Garin',10,0),(281,'Garupa',10,0),(282,'General Acha',10,0),(283,'General Alvear',10,0),(284,'General Cabrera',10,0),(285,'General Deheza',10,0),(286,'General Guido',10,0),(287,'General Juan Madariaga',10,0),(288,'General Lagos',10,0),(289,'General Las Heras',10,0),(290,'General Lavalle',10,0),(291,'General Mansilla',10,0),(292,'General Martin Miguel de Guemes',10,0),(293,'General Pacheco',10,0),(294,'General Paz',10,0),(295,'General Pico',10,0),(296,'General Roca',10,0),(297,'General Roca',10,0),(298,'General Rodriguez',10,0),(299,'General San Martin',10,0),(300,'General San Martin',10,0),(301,'General Viamonte',10,0),(302,'General Villegas',10,0),(303,'Germania',10,0),(304,'Glew',10,0),(305,'Gobernador Crespo',10,0),(306,'Gobernador Galvez',10,0),(307,'Godoy',10,0),(308,'Godoy Cruz',10,0),(309,'Gonzalez Catan',10,0),(310,'Gonzalez Moreno',10,0),(311,'Goya',10,0),(312,'Granadero Baigorria',10,0),(313,'Grand Bourg',10,0),(314,'Gualeguay',10,0),(315,'Guatrache',10,0),(316,'Guernica',10,0),(317,'Henderson',10,0),(318,'Hernando',10,0),(319,'Hersilia',10,0),(320,'Hilario',10,0),(321,'Hilario Ascasubi',10,0),(322,'Hipatia',10,0),(323,'Hipolito Yrigoyen',10,0),(324,'Huanchillas',10,0),(325,'Huanguelen',10,0),(326,'Huinca Renanco',10,0),(327,'Humahuaca',10,0),(328,'Hurlingham',10,0),(329,'Ibarlucea',10,0),(330,'Ibicuy',10,0),(331,'Independencia',10,0),(332,'Ingeniero Beaugey',10,0),(333,'Ingeniero Luiggi',10,0),(334,'Ingeniero Maschwitz',10,0),(335,'Intendente Alvear',10,0),(336,'Isidro Casanova',10,0),(337,'Ituzaingo',10,0),(338,'James Craik',10,0),(339,'Jauregui',10,0),(340,'Jeppener',10,0),(341,'Jesus Maria',10,0),(342,'Jose Leon Suarez',10,0),(343,'Jose Marmol',10,0),(344,'Juan Pujol',10,0),(345,'Justiniano Posse',10,0),(346,'La Banda',10,0),(347,'La Boca',10,0),(348,'La Calera',10,0),(349,'La Cumbre',10,0),(350,'La Falda',10,0),(351,'La Leonesa',10,0),(352,'La Lucila',10,0),(353,'La Madrid',10,0),(354,'La Pampa',10,0),(355,'La Para',10,0),(356,'La Paz',10,0),(357,'La Paz',10,0),(358,'La Plata',10,0),(359,'La Punta',10,0),(360,'La Rioja',10,0),(361,'La Tablada',10,0),(362,'La Union',10,0),(363,'La Violeta',10,0),(364,'Laborde',10,0),(365,'Laboulaye',10,0),(366,'Laferrere',10,0),(367,'Laguna Alsina',10,0),(368,'Lanus',10,0),(369,'Larroque',10,0),(370,'Las Catitas',10,0),(371,'Las Flores',10,0),(372,'Las Flores',10,0),(373,'Las Heras',10,0),(374,'Las Perdices',10,0),(375,'Las Rosas',10,0),(376,'Las Talitas',10,0),(377,'Las Varillas',10,0),(378,'Lavalle',10,0),(379,'Leandro N. Alem',10,0),(380,'Leones',10,0),(381,'Libertad',10,0),(382,'Lima',10,0),(383,'Liniers',10,0),(384,'Llavallol',10,0),(385,'Lobos',10,0),(386,'Lomas de Zamora',10,0),(387,'Lomas del Mirador',10,0),(388,'Longchamps',10,0),(389,'Los Antiguos',10,0),(390,'Los Cardales',10,0),(391,'Los Molinos',10,0),(392,'Los Polvorines',10,0),(393,'Luis Guillon',10,0),(394,'Lujan de Cuyo',10,0),(395,'Luque',10,0),(396,'Luzuriaga',10,0),(397,'Lynch',10,0),(398,'Macachin',10,0),(399,'Magdalena',10,0),(400,'Magdalena',10,0),(401,'Maggiolo',10,0),(402,'Maipu',10,0),(403,'Maipu',10,0),(404,'Manantial',10,0),(405,'Manfredi',10,0),(406,'Manuel J. Cobo',10,0),(407,'Maquinista Savio',10,0),(408,'Mar de Ajo',10,0),(409,'Mar del Plata',10,0),(410,'Mar del Tuyu',10,0),(411,'Marcos Juarez',10,0),(412,'Marcos Paz',10,0),(413,'Margarita',10,0),(414,'Maria Ignacia',10,0),(415,'Maria Juana',10,0),(416,'Mariano Acosta',10,0),(417,'Mariano J. Haedo',10,0),(418,'Mariano Moreno',10,0),(419,'Martinez',10,0),(420,'Matheu',10,0),(421,'Mayor Buratovich',10,0),(422,'Melincue',10,0),(423,'Mendiolaza',10,0),(424,'Mendoza',10,0),(425,'Mercedes',10,0),(426,'Mercedes',10,0),(427,'Merlo',10,0),(428,'Merlo',10,0),(429,'Minacar',10,0),(430,'Miramar',10,0),(431,'Miramar',10,0),(432,'Monje',10,0),(433,'Monte Hermoso',10,0),(434,'Monteros',10,0),(435,'Montserrat',10,0),(436,'Moreno',10,0),(437,'Moron',10,0),(438,'Morteros',10,0),(439,'Muniz',10,0),(440,'Munro',10,0),(441,'Navarro',10,0),(442,'Navarro',10,0),(443,'Necochea',10,0),(444,'Nogoya',10,0),(445,'Nordelta',10,0),(446,'Nunez',10,0),(447,'Obera',10,0),(448,'Oliva',10,0),(449,'Oliveros',10,0),(450,'Olivos',10,0),(451,'Oncativo',10,0),(452,'Open Door',10,0),(453,'Ordonez',10,0),(454,'Palermo',10,0),(455,'Palmira',10,0),(456,'Palpala',10,0),(457,'Partido de Jose C. Paz',10,0),(458,'Pasco',10,0),(459,'Paso del Rey',10,0),(460,'Paternal',10,0),(461,'Pavon',10,0),(462,'Pedernales',10,0),(463,'Pedro Luro',10,0),(464,'Pellegrini',10,0),(465,'Perez',10,0),(466,'Pergamino',10,0),(467,'Perico',10,0),(468,'Perito Moreno',10,0),(469,'Piamonte',10,0),(470,'Pico de Salamanca',10,0),(471,'Pico Truncado',10,0),(472,'Pigue',10,0),(473,'Pilar',10,0),(474,'Pilar',10,0),(475,'Pilar',10,0),(476,'Pinamar',10,0),(477,'Piquete Cabado',10,0),(478,'Platanos',10,0),(479,'Plaza Huincul',10,0),(480,'Plottier',10,0),(481,'Pontevedra',10,0),(482,'Portena',10,0),(483,'Posadas',10,0),(484,'Pozo del Molle',10,0),(485,'Presidente Derqui',10,0),(486,'Puan',10,0),(487,'Pueblo San Jose',10,0),(488,'Puerto Madryn',10,0),(489,'Puerto Rico',10,0),(490,'Pueyrredon',10,0),(491,'Punta Alta',10,0),(492,'Quilmes',10,0),(493,'Rada Tilly',10,0),(494,'Rafael Calzada',10,0),(495,'Rafael Castillo',10,0),(496,'Rafael Obligado',10,0),(497,'Rafaela',10,0),(498,'Ramallo',10,0),(499,'Ramos Mejia',10,0),(500,'Ranchos',10,0),(501,'Rancul',10,0),(502,'Ranelagh',10,0),(503,'Rawson',10,0),(504,'Rawson',10,0),(505,'Realico',10,0),(506,'Recoleta',10,0),(507,'Reconquista',10,0),(508,'Remedios de Escalada',10,0),(509,'Resistencia',10,0),(510,'Retiro',10,0),(511,'Rio Ceballos',10,0),(512,'Rio Colorado',10,0),(513,'Rio Grande',10,0),(514,'Rio Piedras',10,0),(515,'Rio Segundo',10,0),(516,'Rio Tercero',10,0),(517,'Rivadavia',10,0),(518,'Rivadavia',10,0),(519,'Rivadavia',10,0),(520,'Rocamora',10,0),(521,'Rodriguez Pena',10,0),(522,'Rojas',10,0),(523,'Roldan',10,0),(524,'Roque Perez',10,0),(525,'Rosario',10,0),(526,'Rosas',10,0),(527,'Rufino',10,0),(528,'Sacanta',10,0),(529,'Saenz Pena',10,0),(530,'Saladillo',10,0),(531,'Saladillo',10,0),(532,'Salguero',10,0),(533,'Salsipuedes',10,0),(534,'Salta',10,0),(535,'Salto',10,0),(536,'Salto Grande',10,0),(537,'Sampacho',10,0),(538,'San Andres',10,0),(539,'San Andres de Giles',10,0),(540,'San Antonio de Areco',10,0),(541,'San Antonio de Arredondo',10,0),(542,'San Antonio de Obligado',10,0),(543,'San Antonio de Padua',10,0),(544,'San Antonio Oeste',10,0),(545,'San Benito',10,0),(546,'San Bernardo',10,0),(547,'San Carlos de Bolivar',10,0),(548,'San Cayetano',10,0),(549,'San Clemente',10,0),(550,'San Cristobal',10,0),(551,'San Fernando',10,0),(552,'San Fernando del Valle de Catamarca',10,0),(553,'San Francisco',10,0),(554,'San Francisco de Santa Fe',10,0),(555,'San Francisco Solano',10,0),(556,'San Genaro',10,0),(557,'San Gregorio',10,0),(558,'San Guillermo',10,0),(559,'San Isidro',10,0),(560,'San Isidro',10,0),(561,'San Isidro de Lules',10,0),(562,'San Javier',10,0),(563,'San Jeronimo Norte',10,0),(564,'San Jorge',10,0),(565,'San Jose',10,0),(566,'San Jose de la Esquina',10,0),(567,'San Juan',10,0),(568,'San Justo',10,0),(569,'San Lorenzo',10,0),(570,'San Luis',10,0),(571,'San Manuel',10,0),(572,'San Martin',10,0),(573,'San Martin de las Escobas',10,0),(574,'San Miguel',10,0),(575,'San Miguel',10,0),(576,'San Miguel',10,0),(577,'San Miguel del Monte',10,0),(578,'San Nicolas',10,0),(579,'San Pedro',10,0),(580,'San Pedro',10,0),(581,'San Rafael',10,0),(582,'San Salvador',10,0),(583,'San Salvador',10,0),(584,'San Salvador de Jujuy',10,0),(585,'San Telmo',10,0),(586,'San Vicente',10,0),(587,'Sanchez',10,0),(588,'Santa Clara de Saguier',10,0),(589,'Santa Elena',10,0),(590,'Santa Fe',10,0),(591,'Santa Lucia',10,0),(592,'Santa Lucia',10,0),(593,'Santa Rita',10,0),(594,'Santa Rosa',10,0),(595,'Santa Teresita',10,0),(596,'Santiago del Estero',10,0),(597,'Santo Tome',10,0),(598,'Santos Lugares',10,0),(599,'Sarandi',10,0),(600,'Sarmiento',10,0),(601,'Sarmiento',10,0),(602,'Segui',10,0),(603,'Sierra de la Ventana',10,0),(604,'Sierra de los Padres',10,0),(605,'Sinsacate',10,0),(606,'Suipacha',10,0),(607,'Sunchales',10,0),(608,'Tablada',10,0),(609,'Tacuari',10,0),(610,'Tafi Viejo',10,0),(611,'Tandil',10,0),(612,'Tapalque',10,0),(613,'Tapiales',10,0),(614,'Temperley',10,0),(615,'Teodelina',10,0),(616,'Thames',10,0),(617,'Tigre',10,0),(618,'Tio Pujio',10,0),(619,'Todd',10,0),(620,'Tornquist',10,0),(621,'Tortuguitas',10,0),(622,'Tostado',10,0),(623,'Totoras',10,0),(624,'Trelew',10,0),(625,'Trenque Lauquen',10,0),(626,'Tres Arroyos',10,0),(627,'Trevelin',10,0),(628,'Tristan Suarez',10,0),(629,'Tunuyan',10,0),(630,'Tupungato',10,0),(631,'Turdera',10,0),(632,'Ucacha',10,0),(633,'Uriburu',10,0),(634,'Ushuaia',10,0),(635,'Valle Hermoso',10,0),(636,'Vedia',10,0),(637,'Veinticinco de Mayo',10,0),(638,'Veinticinco de Mayo',10,0),(639,'Venado Tuerto',10,0),(640,'Vera',10,0),(641,'Veronica',10,0),(642,'Viale',10,0),(643,'Viamonte',10,0),(644,'Vicente Lopez',10,0),(645,'Victoria',10,0),(646,'Victoria',10,0),(647,'Vicuna Mackenna',10,0),(648,'Viedma',10,0),(649,'Villa Aberastain',10,0),(650,'Villa Adelina',10,0),(651,'Villa Allende',10,0),(652,'Villa Alsina',10,0),(653,'Villa Amelia',10,0),(654,'Villa Angela',10,0),(655,'Villa Ballester',10,0),(656,'Villa Bosch',10,0),(657,'Villa Canas',10,0),(658,'Villa Carlos Paz',10,0),(659,'Villa Constitucion',10,0),(660,'Villa de Maria',10,0),(661,'Villa de Mayo',10,0),(662,'Villa del Parque',10,0),(663,'Villa Dolores',10,0),(664,'Villa Dominico',10,0),(665,'Villa Elisa',10,0),(666,'Villa General Belgrano',10,0),(667,'Villa Gesell',10,0),(668,'Villa Giardino',10,0),(669,'Villa Huidobro',10,0),(670,'Villa Insuperable',10,0),(671,'Villa La Angostura',10,0),(672,'Villa Las Rosas',10,0),(673,'Villa Lugano',10,0),(674,'Villa Luzuriaga',10,0),(675,'Villa Madero',10,0),(676,'Villa Maria Grande',10,0),(677,'Villa Media Agua',10,0),(678,'Villa Mercedes',10,0),(679,'Villa Mercedes',10,0),(680,'Villa Nueva',10,0),(681,'Villa Nueva',10,0),(682,'Villa Ocampo',10,0),(683,'Villa Paranacito',10,0),(684,'Villa Regina',10,0),(685,'Villa Robles',10,0),(686,'Villa Rosa',10,0),(687,'Villa Trinidad',10,0),(688,'Villa Urquiza',10,0),(689,'Villaguay',10,0),(690,'Vuelta de Obligado',10,0),(691,'Warnes',10,0),(692,'Wheelwright',10,0),(693,'Wilde',10,0),(694,'Winifreda',10,0),(695,'Yerba Buena',10,0),(696,'Zenon Pereyra',10,0),(697,'Abovyan',11,0),(698,'Agarak',11,0),(699,'Apaga',11,0),(700,'Aparan',11,0),(701,'Arabkir',11,0),(702,'Ashtarak',11,0),(703,'Erebuni Fortress',11,0),(704,'Hrazdan',11,0),(705,'Ijevan',11,0),(706,'Jermuk',11,0),(707,'Kapan',11,0),(708,'Tsaghkadzor',11,0),(709,'Vanadzor',11,0),(710,'Yerevan',11,0),(711,'Noord',12,0),(712,'Oranjestad',12,0),(713,'Palm Beach',12,0),(714,'Paradera',12,0),(715,'Ponton',12,0),(716,'Sabaneta',12,0),(717,'San Barbola',12,0),(718,'Santa Cruz',12,0),(719,'Sero Blanco',12,0),(720,'Sint Nicolaas',12,0),(721,'Tanki Lender',12,0),(722,'Abbotsford',13,0),(723,'Abbotsham',13,0),(724,'Aberdeen',13,0),(725,'Aberfoyle',13,0),(726,'Aberglasslyn',13,0),(727,'Abermain',13,0),(728,'Acacia Ridge',13,0),(729,'Adamstown',13,0),(730,'Adelaide',13,0),(731,'Adelong',13,0),(732,'Advancetown',13,0),(733,'Agnes Banks',13,0),(734,'Absam',14,0),(735,'Absdorf',14,0),(736,'Abtenau',14,0),(737,'Abtsdorf',14,0),(738,'Ach',14,0),(739,'Achenkirch',14,0),(740,'Achensee',14,0),(741,'Admont',14,0),(742,'Adnet',14,0),(743,'Afritz',14,0),(744,'Aggsbach',14,0),(745,'Aichbach',14,0),(746,'Aichdorf',14,0),(747,'Aifersdorf',14,0),(748,'Baku',15,0),(749,'Nakhchivan',15,0),(750,'Quba',15,0),(751,'Qusar',15,0),(752,'Sulutapa',15,0),(753,'Sumqayit',15,0),(754,'Xirdalan',15,0),(755,'Zurges',15,0),(756,'Andros Town',16,0),(757,'Dunmore Town',16,0),(758,'Freeport',16,0),(759,'Marsh Harbour',16,0),(760,'Nassau',16,0),(761,'Palmetto Point',16,0),(762,'Spanish Wells',16,0),(763,'Al Budayyi`',17,0),(764,'Al Hadd',17,0),(765,'Al Hamalah',17,0),(766,'Al Janabiyah',17,0),(767,'Al Markh',17,0),(768,'Al Muharraq',17,0),(769,'Bani Jamrah',17,0),(770,'Barbar',17,0),(771,'Jurdab',17,0),(772,'Madinat `Isa',17,0),(773,'Madinat Hamad',17,0),(774,'Manama',17,0),(775,'Oil City',17,0),(776,'Sanabis',17,0),(777,'Sanad',17,0),(778,'Sitrah',17,0),(779,'Tubli',17,0),(780,'Agrabad',18,0),(781,'Bangla',18,0),(782,'Barisal',18,0),(783,'Bazar',18,0),(784,'Chittagong',18,0),(785,'Comilla',18,0),(786,'Delta',18,0),(787,'Dhaka',18,0),(788,'Hossain',18,0),(789,'Jessore',18,0),(790,'Kabi',18,0),(791,'Kazipur',18,0),(792,'Mymensingh',18,0),(793,'Narayanganj',18,0),(794,'Rajshahi',18,0),(795,'Tejgaon',18,0),(796,'Uttara',18,0),(797,'Atlantic Shores',19,0),(798,'Bagatelle',19,0),(799,'Bloomsbury',19,0),(800,'Bridgetown',19,0),(801,'Bruce Vale',19,0),(802,'Cave Hill',19,0),(803,'Clapham',19,0),(804,'Hastings',19,0),(805,'Holetown',19,0),(806,'Husbands',19,0),(807,'Jackmans',19,0),(808,'Oistins',19,0),(809,'Pine Housing Estate',19,0),(810,'Porters',19,0),(811,'Rendezvous',19,0),(812,'Rockley',19,0),(813,'Baranovichi',20,0),(814,'Borisov',20,0),(815,'Brest',20,0),(816,'Dzyarzhynsk',20,0),(817,'Horki',20,0),(818,'Hrodna',20,0),(819,'Lahoysk',20,0),(820,'Lida',20,0),(821,'Lyakhovichi',20,0),(822,'Lyaskavichy',20,0),(823,'Mazyr',20,0),(824,'Minsk',20,0),(825,'Mogilev',20,0),(826,'Navapolatsk',20,0),(827,'Orsha',20,0),(828,'Pinsk',20,0),(829,'Polatsk',20,0),(830,'Radoshkovichi',20,0),(831,'Shklow',20,0),(832,'Vitebsk',20,0),(833,'Zaslawye',20,0),(834,'Zhodzina',20,0),(835,'Aalbeke',21,0),(836,'Aalst',21,0),(837,'Aalter',21,0),(838,'Aarschot',21,0),(839,'Aarsele',21,0),(840,'Aartrijke',21,0),(841,'Aartselaar',21,0),(842,'Achel',21,0),(843,'Adegem',21,0),(844,'Adinkerke',21,0),(845,'Afsnee',21,0),(846,'Agimont',21,0),(847,'Alken',21,0),(848,'Alleur',21,0),(849,'Alsemberg',21,0),(850,'Alveringem',21,0),(851,'Amay',21,0),(852,'Ampsin',21,0),(853,'Andenne',21,0),(854,'Belize City',22,0),(855,'Belmopan',22,0),(856,'Benque Viejo del Carmen',22,0),(857,'Freetown Sibun',22,0),(858,'Ladyville',22,0),(859,'San Ignacio',22,0),(860,'San Pedro Town',22,0),(861,'Anillo',26,0),(862,'Aroma',26,0),(863,'Bermejo',26,0),(864,'Caracasa',26,0),(865,'Cobija',26,0),(866,'Cochabamba',26,0),(867,'Cotoca',26,0),(868,'Cruz',26,0),(869,'Guayaramerin',26,0),(870,'La Paz',26,0),(871,'Oruro',26,0),(872,'Riberalta',26,0),(873,'Santa Cruz',26,0),(874,'Santa Cruz',26,0),(875,'Sucre',26,0),(876,'Tarija',26,0),(877,'Trinidad',26,0),(878,'Banja',27,0),(879,'Banja Luka',27,0),(880,'Bijeljina',27,0),(881,'Bosanska Dubica',27,0),(882,'Bosanska Krupa',27,0),(883,'Brcko',27,0),(884,'Breza',27,0),(885,'Bugojno',27,0),(886,'Cazin',27,0),(887,'Core',27,0),(888,'Doboj',27,0),(889,'Donja Mahala',27,0),(890,'Gracanica',27,0),(891,'Ilidza',27,0),(892,'Jajce',27,0),(893,'Jelah',27,0),(894,'Kiseljak',27,0),(895,'Livno',27,0),(896,'Ljubuski',27,0),(897,'Lopare',27,0),(898,'Lukavac',27,0),(899,'Modrica',27,0),(900,'Mostar',27,0),(901,'Novi Travnik',27,0),(902,'Odzak',27,0),(903,'Prijedor',27,0),(904,'Sanski Most',27,0),(905,'Sarajevo',27,0),(906,'Siroki Brijeg',27,0),(907,'Srpska',27,0),(908,'Stup',27,0),(909,'Tesanj',27,0),(910,'Travnik',27,0),(911,'Tuzla',27,0),(912,'Visoko',27,0),(913,'Vitez',27,0),(914,'Vogosca',27,0),(915,'Zenica',27,0),(916,'Zepce',27,0),(917,'Zivinice',27,0),(918,'Francistown',28,0),(919,'Gaborone',28,0),(920,'Orapa',28,0),(921,'Serowe',28,0),(922,'Village',28,0),(923,'Abadiania',30,0),(924,'Abaetetuba',30,0),(925,'Abelardo Luz',30,0),(926,'Abidos',30,0),(927,'Abrantes',30,0),(928,'Abreu',30,0),(929,'Abreu e Lima',30,0),(930,'Acarau',30,0),(931,'Acopiara',30,0),(932,'Acorizal',30,0),(933,'Acu',30,0),(934,'Bandar Seri Begawan',32,0),(935,'Bangar',32,0),(936,'Kampong Jerudong',32,0),(937,'Kuala Balai',32,0),(938,'Kuala Belait',32,0),(939,'Panaga',32,0),(940,'Seria',32,0),(941,'Tutong',32,0),(942,'Akhtopol',33,0),(943,'Aksakovo',33,0),(944,'Aleksandriya',33,0),(945,'Alfatar',33,0),(946,'Anton',33,0),(947,'Antonovo',33,0),(948,'Ardino',33,0),(949,'Asenovgrad',33,0),(950,'Aytos',33,0),(951,'Babovo',33,0),(952,'Baltchik',33,0),(953,'Banite',33,0),(954,'Bankya',33,0),(955,'Bansko',33,0),(956,'Barutin',33,0),(957,'Batak',33,0),(958,'Belene',33,0),(959,'Moung Roessei',36,0),(960,'Phnom Penh',36,0),(961,'Phumi Boeng (1)',36,0),(962,'Phumi Chhuk',36,0),(963,'Phumi Preah Haoh',36,0),(964,'Phumi Prei',36,0),(965,'Phumi Prek Mrinh',36,0),(966,'Phumi Siem Reab',36,0),(967,'Phumi Thmei',36,0),(968,'Phumi Thnal',36,0),(969,'Phumi Vott Phnum',36,0),(970,'Sihanoukville',36,0),(971,'Tuol Kok',36,0),(972,'Vott Kampong Svay',36,0),(973,'Bafia',37,0),(974,'Bafoussam',37,0),(975,'Bamenda',37,0),(976,'Buea',37,0),(977,'Douala',37,0),(978,'Kribi',37,0),(979,'Kumba',37,0),(980,'Ringo',37,0),(981,'Tibati',37,0),(982,'3800 Mile House',38,0),(983,'Abbey',38,0),(984,'Abbotsford',38,0),(985,'Acadia Valley',38,0),(986,'Acme',38,0),(987,'Acton',38,0),(988,'Acton Vale',38,0),(989,'Agassiz',38,0),(990,'Agincourt',38,0),(991,'Ailsa Craig',38,0),(992,'Airdrie',38,0),(993,'Ajax',38,0),(994,'Bodden Town',40,0),(995,'Coral Gables',40,0),(996,'George Town',40,0),(997,'Newlands',40,0),(998,'Savannah',40,0),(999,'Spot Bay',40,0),(1000,'West Bay',40,0),(1001,'Algarrobo',43,0),(1002,'Angol',43,0),(1003,'Antofagasta',43,0),(1004,'Apoquindo',43,0),(1005,'Arauco',43,0),(1006,'Arica',43,0),(1007,'Buin',43,0),(1008,'Bulnes',43,0),(1009,'Calama',43,0),(1010,'Caldera',43,0),(1011,'Castro',43,0),(1012,'Catemu',43,0),(1013,'Aishang',44,0),(1014,'Aizhou',44,0),(1015,'Aksu',44,0),(1016,'Anbang',44,0),(1017,'Anbu',44,0),(1018,'Ancheng',44,0),(1019,'Anda',44,0),(1020,'Andong',44,0),(1021,'Angu',44,0),(1022,'Anguo',44,0),(1023,'Anhu',44,0),(1024,'Anji',44,0),(1025,'Anjiang',44,0),(1026,'Ankang',44,0),(1027,'Anke',44,0),(1028,'Anqing',44,0),(1029,'Anqiu',44,0),(1030,'Anshan',44,0),(1031,'Acacias',47,0),(1032,'Acevedo',47,0),(1033,'Aguachica',47,0),(1034,'Antioquia',47,0),(1035,'Arauca',47,0),(1036,'Armenia',47,0),(1037,'Atlantico',47,0),(1038,'Barrancabermeja',47,0),(1039,'Barranquilla',47,0),(1040,'Bello',47,0),(1041,'Bermudez',47,0),(1042,'Boyaca',47,0),(1043,'Bucaramanga',47,0),(1044,'Buenaventura',47,0),(1045,'Buga',47,0),(1046,'Cajica',47,0),(1047,'Calamar',47,0),(1048,'Banana',49,0),(1049,'Goma',49,0),(1050,'Kinshasa',49,0),(1051,'Likasi',49,0),(1052,'Lubumbashi',49,0),(1053,'Alajuela',51,0),(1054,'Alajuelita',51,0),(1055,'Alfaro',51,0),(1056,'Aserri',51,0),(1057,'Atenas',51,0),(1058,'Barva',51,0),(1059,'Cartago',51,0),(1060,'Colon',51,0),(1061,'Corazon de Jesus',51,0),(1062,'Coronado',51,0),(1063,'Coyol',51,0),(1064,'Curridabat',51,0),(1065,'Desamparados',51,0),(1066,'Escazu',51,0),(1067,'Esparza',51,0),(1068,'Filadelfia',51,0),(1069,'Grecia',51,0),(1070,'Guachipelin',51,0),(1071,'Guacima',51,0),(1072,'Guadalupe',51,0),(1073,'Guapiles',51,0),(1074,'Heredia',51,0),(1075,'Isla de Tibas',51,0),(1076,'Jaco',51,0),(1077,'La Garita',51,0),(1078,'Liberia',51,0),(1079,'Llorente',51,0),(1080,'Llorente',51,0),(1081,'Mercedes',51,0),(1082,'Mexico',51,0),(1083,'Miramar',51,0),(1084,'Moravia',51,0),(1085,'Palmares',51,0),(1086,'Paraiso',51,0),(1087,'Pavas',51,0),(1088,'Perez',51,0),(1089,'Poas',51,0),(1090,'Puerto Jimenez',51,0),(1091,'Puntarenas',51,0),(1092,'Quepos',51,0),(1093,'Quesada',51,0),(1094,'Sabanilla',51,0),(1095,'San Diego',51,0),(1096,'San Francisco',51,0),(1097,'San Francisco',51,0),(1098,'San Isidro',51,0),(1099,'San Joaquin',51,0),(1100,'San Jose de la Montana',51,0),(1101,'San Josecito',51,0),(1102,'San Juan',51,0),(1103,'San Marcos',51,0),(1104,'San Pablo',51,0),(1105,'San Pedro',51,0),(1106,'San Rafael',51,0),(1107,'San Rafael',51,0),(1108,'San Ramon',51,0),(1109,'Santa Ana',51,0),(1110,'Santa Cecilia',51,0),(1111,'Santa Cruz',51,0),(1112,'Santo Domingo',51,0),(1113,'Sarchi',51,0),(1114,'Siquirres',51,0),(1115,'Tres Rios',51,0),(1116,'Turrialba',51,0),(1117,'Turrucares',51,0),(1118,'Zapote',51,0),(1119,'Zarcero',51,0),(1120,'Antunovac',52,0),(1121,'Baska',52,0),(1122,'Baska Voda',52,0),(1123,'Bedekovcina',52,0),(1124,'Bestovje',52,0),(1125,'Betina',52,0),(1126,'Bibinje',52,0),(1127,'Bizovac',52,0),(1128,'Bjelovar',52,0),(1129,'Bracevci',52,0),(1130,'Brdovec',52,0),(1131,'Bregana',52,0),(1132,'Brela',52,0),(1133,'Brsadin',52,0),(1134,'Buje',52,0),(1135,'Cabuna',52,0),(1136,'Cavtat',52,0),(1137,'Cepin',52,0),(1138,'Cestica',52,0),(1139,'Bayamo',53,0),(1140,'Cienfuegos',53,0),(1141,'Habana',53,0),(1142,'Havana',53,0),(1143,'La Habana',53,0),(1144,'Las Tunas',53,0),(1145,'Matanzas',53,0),(1146,'Santiago de Cuba',53,0),(1147,'Varadero',53,0),(1148,'Villa',53,0),(1149,'Agia Anna',54,0),(1150,'Aradippou',54,0),(1151,'Ayia Marina',54,0),(1152,'Chlorakas',54,0),(1153,'Deryneia',54,0),(1154,'Famagusta',54,0),(1155,'Geroskipou',54,0),(1156,'Kato Lakatamia',54,0),(1157,'Kato Polemidia',54,0),(1158,'Kiti',54,0),(1159,'Kyrenia',54,0),(1160,'Larnaca',54,0),(1161,'Laxia',54,0),(1162,'Limassol',54,0),(1163,'Livadia',54,0),(1164,'Morfou',54,0),(1165,'Mouttagiaka',54,0),(1166,'Nicosia',54,0),(1167,'Paphos',54,0),(1168,'Paralimni',54,0),(1169,'Parekklisha',54,0),(1170,'Prodromi',54,0),(1171,'Sotira',54,0),(1172,'Strovolos',54,0),(1173,'Tera',54,0),(1174,'Adamov',55,0),(1175,'Albrechtice',55,0),(1176,'Arnoltice',55,0),(1177,'As',55,0),(1178,'Babice',55,0),(1179,'Banov',55,0),(1180,'Baska',55,0),(1181,'Batelov',55,0),(1182,'Bavory',55,0),(1183,'Bechyne',55,0),(1184,'Bela pod Bezdezem',55,0),(1185,'Belotin',55,0),(1186,'Benatky nad Jizerou',55,0),(1187,'Benesov',55,0),(1188,'Benesovice',55,0),(1189,'Bernartice',55,0),(1190,'Bernartice nad Odrou',55,0),(1191,'Beroun',55,0),(1192,'Bezdekov',55,0),(1193,'Bilina',55,0),(1194,'Aabenraa',56,0),(1195,'Aabybro',56,0),(1196,'Aalborg',56,0),(1197,'Aarhus',56,0),(1198,'Aars',56,0),(1199,'Abyhoj',56,0),(1200,'Agedrup',56,0),(1201,'Agerbaek',56,0),(1202,'Agerskov',56,0),(1203,'Akirkeby',56,0),(1204,'Albaek',56,0),(1205,'Albertslund',56,0),(1206,'Ale',56,0),(1207,'Alestrup',56,0),(1208,'Aller',56,0),(1209,'Allerod',56,0),(1210,'Allingabro',56,0),(1211,'Allinge',56,0),(1212,'Almind',56,0),(1213,'Alsgarde',56,0),(1214,'Arenazo',59,0),(1215,'Bavaro',59,0),(1216,'Boca Chica',59,0),(1217,'Cabarete',59,0),(1218,'Cotui',59,0),(1219,'Dominica',59,0),(1220,'Guaricano',59,0),(1221,'Hato Mayor del Rey',59,0),(1222,'Jimani',59,0),(1223,'La Romana',59,0),(1224,'Los Alcarrizos',59,0),(1225,'Los Prados',59,0),(1226,'Moca',59,0),(1227,'Pedernales',59,0),(1228,'Puerto Plata',59,0),(1229,'Punta Cana',59,0),(1230,'Sabaneta',59,0),(1231,'San Cristobal',59,0),(1232,'San Fernando de Monte Cristi',59,0),(1233,'San Jose de Ocoa',59,0),(1234,'Santa Cruz de Barahona',59,0),(1235,'Santiago de los Caballeros',59,0),(1236,'Santo Domingo',59,0),(1237,'Ambato',61,0),(1238,'Atacames',61,0),(1239,'Atuntaqui',61,0),(1240,'Bahia de Caraquez',61,0),(1241,'Banos',61,0),(1242,'Calderon',61,0),(1243,'Cayambe',61,0),(1244,'Cuenca',61,0),(1245,'Daule',61,0),(1246,'El Carmen',61,0),(1247,'El Naranjal',61,0),(1248,'Esmeraldas',61,0),(1249,'Florida',61,0),(1250,'General Leonidas Plaza Gutierrez',61,0),(1251,'Guabo',61,0),(1252,'Gualaceo',61,0),(1253,'Guamote',61,0),(1254,'Guayaquil',61,0),(1255,'Guayas',61,0),(1256,'Guayllabamba',61,0),(1257,'Hacienda Bolivia',61,0),(1258,'Hacienda Duran',61,0),(1259,'Hacienda Ibarra',61,0),(1260,'Abu Hammad',62,0),(1261,'Al Mahallah al Kubra',62,0),(1262,'Al Mansurah',62,0),(1263,'Al Marj',62,0),(1264,'Alexandria',62,0),(1265,'Almazah',62,0),(1266,'Ar Rawdah',62,0),(1267,'Assiut',62,0),(1268,'Az Zamalik',62,0),(1269,'Badr',62,0),(1270,'Banha',62,0),(1271,'Bani Suwayf',62,0),(1272,'Cairo',62,0),(1273,'Damietta',62,0),(1274,'Faraskur',62,0),(1275,'Flaminj',62,0),(1276,'Giza',62,0),(1277,'Heliopolis',62,0),(1278,'Helwan',62,0),(1279,'Hurghada',62,0),(1280,'Ismailia',62,0),(1281,'Kafr ash Shaykh',62,0),(1282,'Luxor',62,0),(1283,'Madinat an Nasr',62,0),(1284,'Madinat as Sadis min Uktubar',62,0),(1285,'Minya',62,0),(1286,'Nasr',62,0),(1287,'New Cairo',62,0),(1288,'Port Said',62,0),(1289,'Rafah',62,0),(1290,'Ramsis',62,0),(1291,'Sadat',62,0),(1292,'Shirbin',62,0),(1293,'Shubra',62,0),(1294,'Sohag',62,0),(1295,'Suez',62,0),(1296,'Tanta',62,0),(1297,'Toukh',62,0),(1298,'Zagazig',62,0),(1299,'Ahuachapan',63,0),(1300,'Antiguo Cuscatlan',63,0),(1301,'Apaneca',63,0),(1302,'Apopa',63,0),(1303,'Ayutuxtepeque',63,0),(1304,'Botoncillal El Botoncillo',63,0),(1305,'Coatepeque',63,0),(1306,'Colon',63,0),(1307,'Colonia Escalon',63,0),(1308,'Cuscatancingo',63,0),(1309,'Delgado',63,0),(1310,'Gigante',63,0),(1311,'Guazapa',63,0),(1312,'Ilopango',63,0),(1313,'La Libertad',63,0),(1314,'Lourdes',63,0),(1315,'Mejicanos',63,0),(1316,'Nuevo Cuscatlan',63,0),(1317,'Ozatlan',63,0),(1318,'San Jose Villanueva',63,0),(1319,'San Marcos',63,0),(1320,'San Miguel',63,0),(1321,'San Salvador',63,0),(1322,'Santa Ana',63,0),(1323,'Santa Tecla',63,0),(1324,'Santiago Texacuangos',63,0),(1325,'Sonsonate',63,0),(1326,'Soyapango',63,0),(1327,'Usulutan',63,0),(1328,'Zaragoza',63,0),(1329,'Aasmae',66,0),(1330,'Aaviku',66,0),(1331,'Aespa',66,0),(1332,'Ahtma',66,0),(1333,'Alliku',66,0),(1334,'Ambla',66,0),(1335,'Antsla',66,0),(1336,'Ardu',66,0),(1337,'Avinurme',66,0),(1338,'Elva',66,0),(1339,'Emmaste',66,0),(1340,'Haabneeme',66,0),(1341,'Haage',66,0),(1342,'Haapsalu',66,0),(1343,'Halinga',66,0),(1344,'Harju',66,0),(1345,'Harku',66,0),(1346,'Kaarma',66,0),(1347,'Kadrina',66,0),(1348,'Kehra',66,0),(1349,'Keila',66,0),(1350,'Kiili',66,0),(1351,'Kohila',66,0),(1352,'Kohtla',66,0),(1353,'Kose',66,0),(1354,'Kulna',66,0),(1355,'Kuressaare',66,0),(1356,'Kuusalu',66,0),(1357,'Laagri',66,0),(1358,'Lagedi',66,0),(1359,'Lahtse',66,0),(1360,'Lepna',66,0),(1361,'Loksa',66,0),(1362,'Loo',66,0),(1363,'Lubja',66,0),(1364,'Maardu',66,0),(1365,'Muraste',66,0),(1366,'Narva',66,0),(1367,'Argir',69,0),(1368,'Glyvrar',69,0),(1369,'Hvalba',69,0),(1370,'Innan Glyvur',69,0),(1371,'Leirvik',69,0),(1372,'Saltangara',69,0),(1373,'Signabour',69,0),(1374,'Strendur',69,0),(1375,'Aapajoki',72,0),(1376,'Aavasaksa',72,0),(1377,'Aitoo',72,0),(1378,'Akaa',72,0),(1379,'Alastaro',72,0),(1380,'Alaveteli',72,0),(1381,'Alavieska',72,0),(1382,'Alavus',72,0),(1383,'Alvettula',72,0),(1384,'Angelniemi',72,0),(1385,'Anjala',72,0),(1386,'Anttila',72,0),(1387,'Askola',72,0),(1388,'Aura',72,0),(1389,'Bergoe',72,0),(1390,'Box',72,0),(1391,'Broby',72,0),(1392,'Degerby',72,0),(1393,'Eno',72,0),(1394,'Erajarvi',72,0),(1395,'Aast',73,0),(1396,'Abancourt',73,0),(1397,'Abbans-Dessus',73,0),(1398,'Abbaretz',73,0),(1399,'Abbecourt',73,0),(1400,'Abbeville',73,0),(1401,'Abbeville-les-Conflans',73,0),(1402,'Abeilhan',73,0),(1403,'Abere',73,0),(1404,'Abergement-Saint-Jean',73,0),(1405,'Abilly',73,0),(1406,'Ablain-Saint-Nazaire',73,0),(1407,'Ablaincourt-Pressoir',73,0),(1408,'Ablainzevelle',73,0),(1409,'Ablis',73,0),(1410,'Ablon-sur-Seine',73,0),(1411,'Abondance',73,0),(1412,'Abondant',73,0),(1413,'Abreschviller',73,0),(1414,'Abrest',73,0),(1415,'Arue',75,0),(1416,'Faaa',75,0),(1417,'Mahina',75,0),(1418,'Paeau',75,0),(1419,'Papeete',75,0),(1420,'Pirae',75,0),(1421,'Punaauia',75,0),(1422,'Gamba',77,0),(1423,'Libreville',77,0),(1424,'Mamagnia',77,0),(1425,'Moanda',77,0),(1426,'Port-Gentil',77,0),(1427,'Gogolesubani',79,0),(1428,'Kutaisi',79,0),(1429,'Lentekhi',79,0),(1430,'Qazbegi',79,0),(1431,'Samtredia',79,0),(1432,'Sukhumi',79,0),(1433,'Tbilisi',79,0),(1434,'Zemo-Avchala',79,0),(1435,'Zugdidi',79,0),(1436,'Aach',80,0),(1438,'Aachen',80,0),(1439,'Aalen',80,0),(1440,'Abbensen',80,0),(1441,'Abberode',80,0),(1442,'Abenberg',80,0),(1443,'Abensberg',80,0),(1444,'Abstatt',80,0),(1445,'Abtsbessingen',80,0),(1446,'Abtsgmuend',80,0),(1447,'Abtswind',80,0),(1448,'Abtweiler',80,0),(1449,'Achern',80,0),(1450,'Achim',80,0),(1451,'Achstetten',80,0),(1452,'Adelebsen',80,0),(1453,'Adelheidsdorf',80,0),(1454,'Adelmannsfelden',80,0),(1455,'Accra',81,0),(1456,'Bawku',81,0),(1457,'Berekum',81,0),(1458,'Bolgatanga',81,0),(1459,'Cape Coast',81,0),(1460,'Home',81,0),(1461,'Koforidua',81,0),(1462,'Kumasi',81,0),(1463,'Legon',81,0),(1464,'Mampong',81,0),(1465,'Navrongo',81,0),(1466,'Sunyani',81,0),(1467,'Takoradi',81,0),(1468,'Tema',81,0),(1469,'Wa',81,0),(1470,'Winneba',81,0),(1471,'Aegina',83,0),(1472,'Agioi Anargyroi',83,0),(1473,'Agios Nikolaos',83,0),(1474,'Agrinio',83,0),(1475,'Aigaleo',83,0),(1476,'Aigio',83,0),(1477,'Alexandreia',83,0),(1478,'Alexandroupoli',83,0),(1479,'Aliartos',83,0),(1480,'Alimos',83,0),(1481,'Amaliada',83,0),(1482,'Anavyssos',83,0),(1483,'Andravida',83,0),(1484,'Ano Liosia',83,0),(1485,'Archaia Nemea',83,0),(1486,'Argos',83,0),(1487,'Argostoli',83,0),(1488,'Aasiaat',84,0),(1489,'Ilulissat',84,0),(1490,'Kapisillit',84,0),(1491,'Maniitsoq',84,0),(1492,'Narsaq',84,0),(1493,'Narsarsuaq',84,0),(1494,'Nuuk',84,0),(1495,'Nuussuaq',84,0),(1496,'Paamiut',84,0),(1497,'Qaqortoq',84,0),(1498,'Qasigiannguit',84,0),(1499,'Qeqertarsuaq',84,0),(1500,'Qeqertat',84,0),(1501,'Sisimiut',84,0),(1502,'Tasiilaq',84,0),(1503,'Upernavik',84,0),(1504,'Uummannaq Kommune',84,0),(1505,'Anse-Bertrand',86,0),(1506,'Baie Mahault',86,0),(1507,'Baie-Mahault',86,0),(1508,'Baillif',86,0),(1509,'Basse-Terre',86,0),(1510,'Capesterre-Belle-Eau',86,0),(1511,'Capesterre-de-Marie-Galante',86,0),(1512,'Deshaies',86,0),(1513,'Gourbeyre',86,0),(1514,'Goyave',86,0),(1515,'Grand-Bourg',86,0),(1516,'Lamentin',86,0),(1517,'Le Gosier',86,0),(1518,'Le Moule',86,0),(1519,'Les Abymes',86,0),(1520,'Petit-Bourg',86,0),(1521,'Petit-Canal',86,0),(1522,'Pointe-Noire',86,0),(1523,'Barrigada Village',87,0),(1524,'Dededo Village',87,0),(1525,'Inarajan Village',87,0),(1526,'Santa Rita',87,0),(1527,'Tamuning-Tumon-Harmon Village',87,0),(1528,'Yigo Village',87,0),(1529,'Antigua Guatemala',88,0),(1530,'Cambote',88,0),(1531,'Catarina',88,0),(1532,'Central',88,0),(1533,'Chimaltenango',88,0),(1534,'Chiquimula',88,0),(1535,'Ciudad Vieja',88,0),(1536,'Coban',88,0),(1537,'El Limon',88,0),(1538,'El Naranjo',88,0),(1539,'El Salvador',88,0),(1540,'Escuintla',88,0),(1541,'Esquipulas',88,0),(1542,'Conakry',89,0),(1543,'Dabola',89,0),(1544,'Kalia',89,0),(1545,'Kankan',89,0),(1546,'Lola',89,0),(1547,'Mamou',89,0),(1548,'Port Kamsar',89,0),(1549,'Sangaredi',89,0),(1550,'Carrefour',92,0),(1551,'Delmar',92,0),(1552,'Duverger',92,0),(1553,'Jacmel',92,0),(1554,'Masseau',92,0),(1555,'Moise',92,0),(1556,'Petionville',92,0),(1557,'Port-au-Prince',92,0),(1558,'Prince',92,0),(1559,'Turgeau',92,0),(1560,'Choloma',95,0),(1561,'Comayagua',95,0),(1562,'Comayaguela',95,0),(1563,'Coxen Hole',95,0),(1564,'El Barro',95,0),(1565,'El Paraiso',95,0),(1566,'El Progreso',95,0),(1567,'La Ceiba',95,0),(1568,'La Hacienda',95,0),(1569,'Morazan',95,0),(1570,'Nacaome',95,0),(1571,'Pinalejo',95,0),(1572,'Piraera',95,0),(1573,'Puerto Lempira',95,0),(1574,'San Antonio de Flores',95,0),(1575,'San Pedro Sula',95,0),(1576,'Santa Barbara',95,0),(1577,'Sula',95,0),(1578,'Tegucigalpa',95,0),(1579,'Aberdeen',96,0),(1580,'Causeway Bay',96,0),(1581,'Central District',96,0),(1582,'Cha Kwo Ling',96,0),(1583,'Chai Wan Kok',96,0),(1584,'Chek Chue',96,0),(1585,'Cheung Kong',96,0),(1586,'Cheung Sha Wan',96,0),(1587,'Chuen Lung',96,0),(1588,'Chung Hau',96,0),(1589,'Fa Yuen',96,0),(1590,'Fanling',96,0),(1591,'Fo Tan',96,0),(1592,'Happy Valley',96,0),(1593,'Ho Man Tin',96,0),(1594,'Hong Kong',96,0),(1595,'Hung Hom',96,0),(1596,'Kat O Sheung Wai',96,0),(1597,'Kennedy Town',96,0),(1598,'Kowloon',96,0),(1599,'Kowloon Tong',96,0),(1600,'Kwai Chung',96,0),(1601,'Kwun Hang',96,0),(1602,'Abaujszanto',97,0),(1603,'Abda',97,0),(1604,'Abony',97,0),(1605,'Acs',97,0),(1606,'Acsa',97,0),(1607,'Adacs',97,0),(1608,'Adony',97,0),(1609,'Agard',97,0),(1610,'Ajak',97,0),(1611,'Ajka',97,0),(1612,'Alap',97,0),(1613,'Albertirsa',97,0),(1614,'Almasfuzito',97,0),(1615,'Almaskamaras',97,0),(1616,'Almosd',97,0),(1617,'Alsogalla',97,0),(1618,'Alsonemedi',97,0),(1619,'Alsopahok',97,0),(1620,'Alsoszentivan',97,0),(1621,'Alsotold',97,0),(1622,'Alsozsolca',97,0),(1623,'Akranes',98,0),(1624,'Akureyri',98,0),(1625,'Borgarnes',98,0),(1626,'Dalvik',98,0),(1627,'Grindavik',98,0),(1628,'Hella',98,0),(1629,'Holmavik',98,0),(1630,'Husavik',98,0),(1631,'Hvammstangi',98,0),(1632,'Hveragerdi',98,0),(1633,'Hvolsvollur',98,0),(1634,'Kopavogur',98,0),(1635,'Reykjavik',98,0),(1636,'Selfoss',98,0),(1637,'Skagastrond',98,0),(1638,'Stokkseyri',98,0),(1639,'Vestmannaeyjar',98,0),(1640,'Vogar',98,0),(1641,'Abdul',99,0),(1642,'Adilabad',99,0),(1643,'Adwani',99,0),(1644,'Agartala',99,0),(1645,'Agra',99,0),(1646,'Ahmedabad',99,0),(1647,'Ahmednagar',99,0),(1648,'Aizawl',99,0),(1649,'Ajabpur',99,0),(1650,'Ajmer',99,0),(1651,'Akividu',99,0),(1652,'Akola',99,0),(1653,'Alanallur',99,0),(1654,'Alangulam',99,0),(1655,'Alappuzha',99,0),(1656,'Abadi',100,0),(1657,'Adiantorop',100,0),(1658,'Airmadidi',100,0),(1659,'Ambarawa',100,0),(1660,'Ambon City',100,0),(1661,'Amlapura',100,0),(1662,'Anggrek',100,0),(1663,'Angkasa',100,0),(1664,'Area',100,0),(1665,'Badung',100,0),(1666,'Badung',100,0),(1667,'Bali',100,0),(1668,'Balige',100,0),(1669,'Balikpapan',100,0),(1670,'Banda Aceh',100,0),(1671,'Bandar',100,0),(1672,'Bandar Lampung',100,0),(1673,'Bandung',100,0),(1674,'Bangkalan',100,0),(1675,'Bangkinang',100,0),(1676,'Bangli',100,0),(1677,'Banjar',100,0),(1678,'Banjarbaru',100,0),(1679,'Banjarmasin',100,0),(1680,'Banjarnegara',100,0),(1681,'Bantaeng',100,0),(1682,'Bantan',100,0),(1683,'Bantul',100,0),(1684,'Banyumas',100,0),(1685,'Banyuwangi',100,0),(1686,'Baratjaya',100,0),(1687,'Batang',100,0),(1688,'Batu',100,0),(1689,'Baturaja',100,0),(1690,'Baubau',100,0),(1691,'Bekasi',100,0),(1692,'Bengkalis',100,0),(1693,'Bengkulu',100,0),(1694,'Bima',100,0),(1695,'Binjai',100,0),(1696,'Bitung',100,0),(1697,'Blitar',100,0),(1698,'Blora',100,0),(1699,'Bogor',100,0),(1700,'Bojonegoro',100,0),(1701,'Bondowoso',100,0),(1702,'Bontang',100,0),(1703,'Boyolali',100,0),(1704,'Bukit Tinggi',100,0),(1705,'Bulukumba',100,0),(1706,'Buntok',100,0),(1707,'Cakrawala',100,0),(1708,'Cempaka',100,0),(1709,'Cengkareng',100,0),(1710,'Ciamis',100,0),(1711,'Cianjur',100,0),(1712,'Cibitung',100,0),(1713,'Cibubur',100,0),(1714,'Cihampelas',100,0),(1715,'Cikarang',100,0),(1716,'Cikini',100,0),(1717,'Cilacap',100,0),(1718,'Cilegon',100,0),(1719,'Cilegon',100,0),(1720,'Cilincing',100,0),(1721,'Cimahi',100,0),(1722,'Cimanggis',100,0),(1723,'Cipinanglatihan',100,0),(1724,'Ciputat',100,0),(1725,'Cirebon',100,0),(1726,'Citeureup',100,0),(1727,'Darmaga',100,0),(1728,'Darussalam',100,0),(1729,'Demak',100,0),(1730,'Denpasar',100,0),(1731,'Depok',100,0),(1732,'Depok Jaya',100,0),(1733,'Dumai',100,0),(1734,'Duren',100,0),(1735,'Duri',100,0),(1736,'Gandul',100,0),(1737,'Garut',100,0),(1738,'Gedung',100,0),(1739,'Gianyar',100,0),(1740,'Gorontalo',100,0),(1741,'Gresik',100,0),(1742,'Guntung',100,0),(1743,'Gunungsitoli',100,0),(1744,'Holis',100,0),(1745,'Indo',100,0),(1746,'Indramayu',100,0),(1747,'Jagakarsa',100,0),(1748,'Jakarta',100,0),(1749,'Jambi City',100,0),(1750,'Jayapura',100,0),(1751,'Jember',100,0),(1752,'Jepara',100,0),(1753,'Jimbaran',100,0),(1754,'Jombang',100,0),(1755,'Kabanjahe',100,0),(1756,'Kalideres',100,0),(1757,'Kalimantan',100,0),(1758,'Kandangan',100,0),(1759,'Karanganyar',100,0),(1760,'Karawang',100,0),(1761,'Kartasura',100,0),(1762,'Kebayoran Baru',100,0),(1763,'Kebayoran Lama Selatan',100,0),(1764,'Kebumen',100,0),(1765,'Kediri',100,0),(1766,'Kelapa Dua',100,0),(1767,'Kemang',100,0),(1768,'Kendal',100,0),(1769,'Kepanjen',100,0),(1770,'Kerinci',100,0),(1771,'Kerobokan',100,0),(1772,'Klaten',100,0),(1773,'Kopeng',100,0),(1774,'Kota',100,0),(1775,'Kudus',100,0),(1777,'Kuningan',100,0),(1778,'Kupang',100,0),(1779,'Kuta',100,0),(1780,'Lamongan',100,0),(1781,'Lampeong',100,0),(1782,'Langsa',100,0),(1783,'Lapan',100,0),(1784,'Lawang',100,0),(1785,'Lestari',100,0),(1786,'Lhokseumawe',100,0),(1787,'Lubuk Pakam',100,0),(1788,'Lumajang',100,0),(1789,'Madiun',100,0),(1790,'Magelang',100,0),(1791,'Magetan',100,0),(1792,'Mail',100,0),(1793,'Majalengka',100,0),(1794,'Makassar',100,0),(1795,'Malang',100,0),(1796,'Mamuju',100,0),(1797,'Manado',100,0),(1798,'Maros',100,0),(1799,'Mataram',100,0),(1800,'Medan',100,0),(1801,'Mega',100,0),(1802,'Menara',100,0),(1803,'Menteng',100,0),(1804,'Mojoagung',100,0),(1805,'Mojokerto',100,0),(1806,'Muntilan',100,0),(1807,'Negara',100,0),(1808,'Negeribesar',100,0),(1809,'Nganjuk',100,0),(1810,'Ngawi',100,0),(1811,'Nusa',100,0),(1812,'Nusa Dua',100,0),(1813,'Nusantara',100,0),(1814,'Pacitan',100,0),(1815,'Padang',100,0),(1816,'Palaihari',100,0),(1817,'Palangka',100,0),(1818,'Palangkaraya',100,0),(1819,'Palembang',100,0),(1820,'Palu',100,0),(1821,'Pamekasan',100,0),(1822,'Pamulang',100,0),(1823,'Panasuan',100,0),(1824,'Pandeglang',100,0),(1825,'Pangaturan',100,0),(1826,'Parakan',100,0),(1827,'Pare',100,0),(1828,'Parman',100,0),(1829,'Pasuruan',100,0),(1830,'Patam',100,0),(1831,'Pati',100,0),(1832,'Payakumbuh',100,0),(1833,'Pekalongan',100,0),(1834,'Pekan',100,0),(1835,'Pekanbaru',100,0),(1836,'Pemalang',100,0),(1837,'Pematangsiantar',100,0),(1838,'Polerejo',100,0),(1839,'Pondok',100,0),(1840,'Ponorogo',100,0),(1841,'Pontianak',100,0),(1842,'Porsea',100,0),(1843,'Poso',100,0),(1844,'Probolinggo',100,0),(1845,'Purbalingga',100,0),(1846,'Purwakarta',100,0),(1847,'Purwodadi Grobogan',100,0),(1848,'Purwokerto',100,0),(1849,'Purworejo',100,0),(1850,'Pusat',100,0),(1851,'Riau',100,0),(1852,'Salatiga',100,0),(1853,'Samarinda',100,0),(1854,'Sampang',100,0),(1855,'Sampit',100,0),(1856,'Sangereng',100,0),(1857,'Sanur',100,0),(1858,'Sejahtera',100,0),(1859,'Sekupang',100,0),(1860,'Selatan',100,0),(1861,'Selong',100,0),(1862,'Semarang',100,0),(1863,'Sengkang',100,0),(1864,'Sentul',100,0),(1865,'Serang',100,0),(1866,'Serang',100,0),(1867,'Serdang',100,0),(1868,'Serpong',100,0),(1869,'Sidoarjo',100,0),(1870,'Sigli',100,0),(1871,'Sijunjung',100,0),(1872,'Simpang',100,0),(1873,'Singaraja',100,0),(1874,'Singkawang',100,0),(1875,'Situbondo',100,0),(1876,'Sleman',100,0),(1877,'Soasio',100,0),(1878,'Soe',100,0),(1879,'Soho',100,0),(1880,'Solo',100,0),(1881,'Sragen',100,0),(1882,'Stabat',100,0),(1883,'Subang',100,0),(1884,'Sukabumi',100,0),(1885,'Sukoharjo',100,0),(1886,'Sumedang',100,0),(1887,'Sungailiat',100,0),(1888,'Sunggal',100,0),(1889,'Sungguminasa',100,0),(1890,'Surabaya',100,0),(1891,'Surabayan',100,0),(1892,'Surakarta',100,0),(1893,'Tabanan',100,0),(1894,'Tangsel',100,0),(1895,'Tanjung',100,0),(1896,'Tanjung',100,0),(1897,'Tanjung Balai',100,0),(1898,'Tanjungpinang',100,0),(1899,'Tarakan',100,0),(1900,'Tasikmalaya',100,0),(1901,'Tebingtinggi',100,0),(1902,'Tegal',100,0),(1903,'Temanggung',100,0),(1904,'Tembagapura',100,0),(1905,'Tengah',100,0),(1906,'Tenggara',100,0),(1907,'Tenggarong',100,0),(1908,'Tigaraksa',100,0),(1909,'Tigarasa',100,0),(1910,'Timur',100,0),(1911,'Tipar Timur',100,0),(1912,'Tirtagangga',100,0),(1913,'Tomohon',100,0),(1914,'Tondano',100,0),(1915,'Trenggalek',100,0),(1916,'Tuban',100,0),(1917,'Tulungagung',100,0),(1918,'Ubud',100,0),(1919,'Udayana',100,0),(1920,'Ungaran',100,0),(1921,'Utama',100,0),(1922,'Utara',100,0),(1923,'Veteran',100,0),(1924,'Wilayah',100,0),(1925,'Wonogiri',100,0),(1926,'Wonosari',100,0),(1927,'Wonosobo',100,0),(1928,'Yogyakarta',100,0),(1929,'`Aliabad',101,0),(1930,'`Aliabad-e Aq Hesar',101,0),(1931,'`Oryan',101,0),(1932,'Abadan',101,0),(1933,'Abol',101,0),(1934,'Ahvaz',101,0),(1935,'Amlash',101,0),(1936,'Amol',101,0),(1937,'Arak',101,0),(1938,'Ardabil',101,0),(1939,'Ardakan',101,0),(1940,'Arnan',101,0),(1941,'Arsanjan',101,0),(1942,'Asadabad',101,0),(1943,'Ashan',101,0),(1944,'Ashna',101,0),(1945,'Ashtian',101,0),(1946,'Astara',101,0),(1947,'Azad',101,0),(1948,'Azadi',101,0),(1949,'Azaran',101,0),(1950,'Babol',101,0),(1951,'Badr',101,0),(1952,'Baft',101,0),(1953,'Baghin',101,0),(1954,'Baharan',101,0),(1955,'Bakhtiari',101,0),(1956,'Bakhtiaruyeh',101,0),(1957,'Baladeh',101,0),(1958,'Banak',101,0),(1959,'Band',101,0),(1960,'Bandar-e Khamir',101,0),(1961,'Bandar-e Mahshahr',101,0),(1962,'Barbun',101,0),(1963,'Bardsir',101,0),(1964,'Baseri Hadi',101,0),(1965,'Bastak',101,0),(1966,'Behbahan',101,0),(1967,'Behdasht',101,0),(1968,'Behjan',101,0),(1969,'Behshahr',101,0),(1970,'Bidak',101,0),(1971,'Birizg',101,0),(1972,'Birjand',101,0),(1973,'Bonab',101,0),(1974,'Borran-e Bala',101,0),(1975,'Bostan',101,0),(1976,'Bukan',101,0),(1977,'Chabahar',101,0),(1978,'Chah Deraz',101,0),(1979,'Chapar',101,0),(1980,'Dadeh',101,0),(1981,'Damavand',101,0),(1982,'Damghan',101,0),(1983,'Darmian',101,0),(1984,'Dezful',101,0),(1985,'Dorud',101,0),(1986,'Emam',101,0),(1987,'Esfarayen',101,0),(1988,'Eslamshahr',101,0),(1989,'Estahban',101,0),(1990,'Evin',101,0),(1991,'Falavarjan',101,0),(1992,'Fardis',101,0),(1993,'Farsi',101,0),(1994,'Fasa',101,0),(1995,'Fordu',101,0),(1996,'Garmsar',101,0),(1997,'Gazan-e Bala',101,0),(1998,'Gerash',101,0),(1999,'Germi',101,0),(2000,'Gharbi',101,0),(2001,'Gilan-e Gharb',101,0),(2002,'Gilas',101,0),(2003,'Golestan',101,0),(2004,'Golpayegan',101,0),(2005,'Golriz',101,0),(2006,'Gorgan',101,0),(2007,'Gostar',101,0),(2008,'Hadishahr',101,0),(2009,'Hamadan',101,0),(2010,'Hasanabad-e Qadamgah',101,0),(2011,'Hashtgerd',101,0),(2012,'Hashtpar',101,0),(2013,'Hirad',101,0),(2014,'Homa',101,0),(2015,'Hormozabad',101,0),(2016,'Hush',101,0),(2017,'Idah',101,0),(2018,'Ilam',101,0),(2019,'Iranshahr',101,0),(2020,'Isfahan',101,0),(2021,'Jadir',101,0),(2022,'Jahan',101,0),(2023,'Jahan Nama',101,0),(2024,'Jahrom',101,0),(2025,'Jiroft',101,0),(2026,'Julfa',101,0),(2027,'Kabir',101,0),(2028,'Kaman',101,0),(2029,'Karaj',101,0),(2030,'Karimkhan',101,0),(2031,'Kashan',101,0),(2032,'Kelarabad',101,0),(2033,'Kerman',101,0),(2034,'Kermanshah',101,0),(2035,'Khalkhal',101,0),(2036,'Khameneh',101,0),(2037,'Khash',101,0),(2038,'Khomeyn',101,0),(2039,'Khomeyni Shahr',101,0),(2040,'Khong',101,0),(2041,'Khorasan',101,0),(2042,'Khowrasgan',101,0),(2043,'Khowrshid',101,0),(2044,'Khvajeh',101,0),(2045,'Khvoy',101,0),(2046,'Kian',101,0),(2047,'Kish',101,0),(2048,'Kord Kandi',101,0),(2049,'Kordestan-e `Olya',101,0),(2050,'Kordovan-e Sofla',101,0),(2051,'Lahijan',101,0),(2052,'Lamerd',101,0),(2053,'Mahabad',101,0),(2054,'Mahallat',101,0),(2055,'Mahestan',101,0),(2056,'Malayer',101,0),(2057,'Malek Talesh',101,0),(2058,'Malekan',101,0),(2059,'Mamasani',101,0),(2060,'Manjil',101,0),(2061,'Maragheh',101,0),(2062,'Marand',101,0),(2063,'Mashhad',101,0),(2064,'Mehin',101,0),(2065,'Mehregan',101,0),(2066,'Meshgin Shahr',101,0),(2067,'Meybod',101,0),(2068,'Miandoab',101,0),(2069,'Mianej',101,0),(2070,'Mobarakeh',101,0),(2071,'Moghan',101,0),(2072,'Mohr',101,0),(2073,'Nahavand',101,0),(2074,'Najafabad',101,0),(2075,'Naji',101,0),(2076,'Nasir',101,0),(2077,'Negar',101,0),(2078,'Nehbandan',101,0),(2079,'Neka',101,0),(2080,'Neyriz',101,0),(2081,'Neyshabur',101,0),(2082,'Novin',101,0),(2083,'Onar',101,0),(2084,'Parpis',101,0),(2085,'Parsian',101,0),(2086,'Pasargad',101,0),(2087,'Payam',101,0),(2088,'Peshgoman',101,0),(2089,'Peyk',101,0),(2090,'Piruz',101,0),(2091,'Post',101,0),(2092,'Qasr od Dasht',101,0),(2093,'Qazvin',101,0),(2094,'Qeshm',101,0),(2095,'Quchan',101,0),(2096,'Rabor',101,0),(2097,'Rafsanjan',101,0),(2098,'Rasak',101,0),(2099,'Rasht',101,0),(2100,'Ravand',101,0),(2101,'Ravansar',101,0),(2102,'Ravar',101,0),(2103,'Rayen',101,0),(2104,'Razan',101,0),(2105,'Razaviyeh',101,0),(2106,'Razi',101,0),(2107,'Rigan',101,0),(2108,'Sabz',101,0),(2109,'Sabzevar',101,0),(2110,'Sahand',101,0),(2111,'Salmas',101,0),(2112,'Saman',101,0),(2113,'Samen',101,0),(2114,'Sanandaj',101,0),(2115,'Saravan',101,0),(2116,'Sari',101,0),(2117,'Saveh',101,0),(2118,'Semirom',101,0),(2119,'Semnan',101,0),(2120,'Sena',101,0),(2121,'Servan',101,0),(2122,'Shadman',101,0),(2123,'Shahid',101,0),(2124,'Shahid Chamran',101,0),(2125,'Shahid Madani',101,0),(2126,'Shahr',101,0),(2127,'Shahrak',101,0),(2128,'Shahrak-e Direh',101,0),(2129,'Shahrak-e Milad',101,0),(2130,'Shahrak-e Pars',101,0),(2131,'Shahreza',101,0),(2132,'Shahriar',101,0),(2133,'Shahrud',101,0),(2134,'Sharif',101,0),(2135,'Shazand',101,0),(2136,'Shiraz',101,0),(2137,'Shirvan',101,0),(2138,'Siahkal',101,0),(2139,'Sirjan',101,0),(2140,'Sistan-e `Olya',101,0),(2141,'Soltanabad',101,0),(2142,'Tabriz',101,0),(2143,'Taha',101,0),(2144,'Takestan',101,0),(2145,'Tiran',101,0),(2146,'Tonekabon',101,0),(2147,'Torkan',101,0),(2148,'Urmia',101,0),(2149,'Vaj',101,0),(2150,'Valilu',101,0),(2151,'Vandar',101,0),(2152,'Varamin',101,0),(2153,'Wahna',101,0),(2154,'Yasuj',101,0),(2155,'Yazd',101,0),(2156,'Zabol',101,0),(2157,'Zahedan',101,0),(2158,'Zahra',101,0),(2159,'Zangiabad',101,0),(2160,'Zanjan',101,0),(2161,'Zarand',101,0),(2162,'Al `Amarah',102,0),(2163,'Al Hillah',102,0),(2164,'Baghdad',102,0),(2165,'Bahr',102,0),(2166,'Basere',102,0),(2167,'Basra',102,0),(2168,'Erbil',102,0),(2169,'Haji Hasan',102,0),(2170,'Hayat',102,0),(2171,'Karkh',102,0),(2172,'Kirkuk',102,0),(2173,'Manawi',102,0),(2174,'Mosul',102,0),(2175,'Najaf',102,0),(2176,'Sulaymaniyah',102,0),(2177,'Tikrit',102,0),(2178,'Abbeyfeale',103,0),(2179,'Abbeyleix',103,0),(2180,'Ardee',103,0),(2181,'Arklow',103,0),(2182,'Artane',103,0),(2183,'Ashbourne',103,0),(2184,'Athboy',103,0),(2185,'Athenry',103,0),(2186,'Athlone',103,0),(2187,'Athy',103,0),(2188,'Bagenalstown',103,0),(2189,'Bailieborough',103,0),(2190,'Balbriggan',103,0),(2191,'Baldoyle',103,0),(2192,'Balgriffin',103,0),(2193,'Ballina',103,0),(2194,'Ballinadee',103,0),(2195,'Ballinasloe',103,0),(2196,'Ballincollig',103,0),(2197,'Ballineen',103,0),(2198,'Ballinrobe',103,0),(2199,'Ballintober',103,0),(2200,'Ballivor',103,0),(2201,'Ballon',103,0),(2202,'Ballsbridge',103,0),(2203,'Ballybrack',103,0),(2204,'`Alma',104,0),(2205,'`Amir',104,0),(2206,'`Arugot',104,0),(2207,'`Aseret',104,0),(2208,'`En Ayyala',104,0),(2209,'`En HaShelosha',104,0),(2210,'`Evron',104,0),(2211,'Acre',104,0),(2212,'Afiqim',104,0),(2213,'Ahituv',104,0),(2214,'Allonim',104,0),(2215,'Ashdod',104,0),(2216,'Ashqelon',104,0),(2217,'Azor',104,0),(2218,'Bahan',104,0),(2219,'Baraq',104,0),(2220,'Bareqet',104,0),(2221,'Bat Hadar',104,0),(2222,'Bat Hefer',104,0),(2223,'Bat Yam',104,0),(2224,'Beersheba',104,0),(2225,'Ben Shemen-Kefar Hano`ar',104,0),(2226,'Bene Ziyyon',104,0),(2227,'Bet Alfa',104,0),(2228,'Bet Dagan',104,0),(2229,'Bet Oren',104,0),(2230,'Bet Shemesh',104,0),(2231,'Binyamina',104,0),(2232,'Biriyya',104,0),(2233,'Dabburiya',104,0),(2234,'Dimona',104,0),(2235,'Eilat',104,0),(2236,'Elyakhin',104,0),(2237,'Elyaqim',104,0),(2238,'Emunim',104,0),(2239,'Et Taiyiba',104,0),(2240,'Even Yehuda',104,0),(2241,'Gan Hayyim',104,0),(2242,'Gan Yavne',104,0),(2243,'Ganne Tiqwa',104,0),(2244,'Gedera',104,0),(2245,'Gibbeton',104,0),(2246,'Gimzo',104,0),(2247,'Ginnosar',104,0),(2248,'Giv`at Hayyim',104,0),(2249,'Hadar `Am',104,0),(2250,'Hadar Ramatayim',104,0),(2251,'Hadera',104,0),(2252,'Hadid',104,0),(2253,'Haifa',104,0),(2254,'HaKarmel',104,0),(2255,'Haluz',104,0),(2256,'Hazav',104,0),(2257,'Hazor Ashdod',104,0),(2258,'Hazor HaGelilit',104,0),(2259,'Herut',104,0),(2260,'Herzliya',104,0),(2261,'Hever',104,0),(2262,'Hod HaSharon',104,0),(2263,'Holon',104,0),(2264,'Hurfeish',104,0),(2265,'Jaffa',104,0),(2266,'Jerusalem',104,0),(2267,'Kadima',104,0),(2268,'Karkur',104,0),(2269,'Kefar Daniyyel',104,0),(2270,'Kefar Netter',104,0),(2271,'Kefar Witqin',104,0),(2272,'Kefar Yona',104,0),(2273,'Kfar Saba',104,0),(2274,'Liman',104,0),(2275,'Lod',104,0),(2276,'maalot Tarshiha',104,0),(2277,'Magen',104,0),(2278,'Maghar',104,0),(2279,'Mazkeret Batya',104,0),(2280,'Mazliah',104,0),(2281,'Mazor',104,0),(2282,'Mesillat Ziyyon',104,0),(2283,'Migdal',104,0),(2284,'Mikhmoret',104,0),(2285,'Misgav Regional Council',104,0),(2286,'Mizpe Netofa',104,0),(2287,'Modiin',104,0),(2288,'Moran',104,0),(2289,'Naham',104,0),(2290,'Nahariya',104,0),(2291,'Nazareth',104,0),(2292,'Nazerat `Illit',104,0),(2293,'Nesher',104,0),(2294,'Ness Ziona',104,0),(2295,'Netanya',104,0),(2296,'Netivot',104,0),(2297,'Newe Efrayim',104,0),(2298,'Newe Yamin',104,0),(2299,'Nir Zevi',104,0),(2300,'Nirim',104,0),(2301,'Nordiyya',104,0),(2302,'Ofaqim',104,0),(2303,'Or `Aqiva',104,0),(2304,'Or Yehuda',104,0),(2305,'Pardes Hanna Karkur',104,0),(2306,'Pardesiyya',104,0),(2307,'Pasuta',104,0),(2308,'Petah Tikwah',104,0),(2309,'Qiryat Ata',104,0),(2310,'Qiryat Bialik',104,0),(2311,'Qiryat Gat',104,0),(2312,'Qiryat Hayyim',104,0),(2313,'Qiryat Motzkin',104,0),(2314,'Qiryat Ono',104,0),(2315,'Qiryat Tiv`on',104,0),(2316,'Qiryat Yam',104,0),(2317,'Ramat Aviv',104,0),(2318,'Ramat Dawid',104,0),(2319,'Ramat Ef`al',104,0),(2320,'Ramat Gan',104,0),(2321,'Ramat HaSharon',104,0),(2322,'Ramat Poleg',104,0),(2323,'Ramat Yishay',104,0),(2324,'Ramla',104,0),(2325,'Ramot Naftali',104,0),(2326,'Rehovot',104,0),(2327,'Rinnatya',104,0),(2328,'Rishon LeZion',104,0),(2329,'Rishpon',104,0),(2330,'Safed',104,0),(2331,'Sarid',104,0),(2332,'Savyon',104,0),(2333,'Sde Boker',104,0),(2334,'Sde Warburg',104,0),(2335,'Sderot',104,0),(2336,'Sedot Yam',104,0),(2337,'Shamir',104,0),(2338,'Shave Ziyyon',104,0),(2339,'Shefayim',104,0),(2340,'Shelomi',104,0),(2341,'Shetulim',104,0),(2342,'Shoval',104,0),(2343,'Talme Menashe',104,0),(2344,'Tel Aviv',104,0),(2345,'Tel Mond',104,0),(2346,'Tiberias',104,0),(2347,'Timrat',104,0),(2348,'Tirat Karmel',104,0),(2349,'Tirat Yehuda',104,0),(2350,'Urim',104,0),(2351,'Yaqum',104,0),(2352,'Yavne',104,0),(2353,'Yehud',104,0),(2354,'Zoran',104,0),(2355,'Abano Terme',105,0),(2356,'Abbadia Lariana',105,0),(2357,'Abbadia San Salvatore',105,0),(2358,'Abbasanta',105,0),(2359,'Abbiategrasso',105,0),(2360,'Abetone',105,0),(2361,'Acate',105,0),(2362,'Acerno',105,0),(2363,'Acerra',105,0),(2364,'Aci Castello',105,0),(2365,'Aci Catena',105,0),(2366,'Acireale',105,0),(2367,'Acquafredda',105,0),(2368,'Acquafredda Inferiore',105,0),(2369,'Acquapendente',105,0),(2370,'Acquappesa',105,0),(2371,'Acquaro',105,0),(2372,'Acquasparta',105,0),(2373,'Acquaviva',105,0),(2374,'Acquaviva delle Fonti',105,0),(2375,'Acquaviva Picena',105,0),(2376,'Acqui Terme',105,0),(2377,'Acri',105,0),(2378,'Adelfia',105,0),(2379,'Adrano',105,0),(2380,'Adria',105,0),(2381,'Adro',105,0),(2382,'Affi',105,0),(2383,'Black River',107,0),(2384,'Browns Town',107,0),(2385,'Gordon Town',107,0),(2386,'Gregory Park',107,0),(2387,'Kingston',107,0),(2388,'Mandeville',107,0),(2389,'May Pen',107,0),(2390,'Moneague',107,0),(2391,'Montego Bay',107,0),(2392,'Negril',107,0),(2393,'Ocho Rios',107,0),(2394,'Old Harbour',107,0),(2395,'Port Maria',107,0),(2396,'Portland Cottage',107,0),(2397,'Portmore',107,0),(2398,'Runaway Bay',107,0),(2399,'Spanish Town',107,0),(2400,'Abashiri',108,0),(2401,'Abiko',108,0),(2402,'Abira',108,0),(2403,'Aboshiku-okinohama',108,0),(2404,'Agano',108,0),(2405,'Agena',108,0),(2406,'Ageo',108,0),(2407,'Aikawa',108,0),(2408,'Aioi',108,0),(2409,'Aisai',108,0),(2410,'Aitsu',108,0),(2411,'Aizu-Wakamatsu',108,0),(2412,'Akao',108,0),(2413,'Akasaka',108,0),(2414,'Akasaka',108,0),(2415,'Akasaki',108,0),(2416,'Akashi',108,0),(2417,'Aksay',110,0),(2418,'Aksoran',110,0),(2419,'Almaty',110,0),(2420,'Aqtas',110,0),(2421,'Aqtau',110,0),(2422,'Astana',110,0),(2423,'Atyrau',110,0),(2424,'Baikonur',110,0),(2425,'Dostyk',110,0),(2426,'Dzhezkazgan',110,0),(2427,'Ekibastuz',110,0),(2428,'Esil',110,0),(2429,'Karagandy',110,0),(2430,'Karagandy',110,0),(2431,'Kazakh',110,0),(2432,'Kentau',110,0),(2433,'Koktem',110,0),(2434,'Kostanay',110,0),(2435,'Kyzyl',110,0),(2436,'Kyzylorda',110,0),(2437,'Lomonosovka',110,0),(2438,'Oral',110,0),(2439,'Pavlodar',110,0),(2440,'Petropavl',110,0),(2441,'Qaraghandy',110,0),(2442,'Qaskeleng',110,0),(2443,'Ridder',110,0),(2444,'Rudnyy',110,0),(2445,'Semey',110,0),(2446,'Serebryansk',110,0),(2447,'Shymkent',110,0),(2448,'Sonaly',110,0),(2449,'Stepnogorsk',110,0),(2450,'Taldyk',110,0),(2451,'Taldykorgan',110,0),(2452,'Talghar',110,0),(2453,'Taraz',110,0),(2454,'Temirtau',110,0),(2455,'Turkestan',110,0),(2456,'Uritskiy',110,0),(2457,'Ust-Kamenogorsk',110,0),(2458,'Vostok',110,0),(2459,'Zyryanovsk',110,0),(2460,'Bondo',111,0),(2461,'Chuka',111,0),(2462,'Eldoret',111,0),(2463,'Kabete',111,0),(2464,'Kaiboi',111,0),(2465,'Karatina',111,0),(2466,'Kiambu',111,0),(2467,'Kikuyu',111,0),(2468,'Kisii',111,0),(2469,'Kisumu',111,0),(2470,'Kitale',111,0),(2471,'Kitui',111,0),(2472,'Machakos',111,0),(2473,'Maseno',111,0),(2474,'Mbita',111,0),(2475,'Mombasa',111,0),(2476,'Nairobi',111,0),(2477,'Nakuru',111,0),(2478,'Sawa Sawa',111,0),(2479,'Siaya',111,0),(2480,'Thika',111,0),(2481,'Turbo',111,0),(2482,'Wote',111,0),(2483,'Abraq Khaytan',113,0),(2484,'Ad Dasmah',113,0),(2485,'Ad Dawhah',113,0),(2486,'Al Ahmadi',113,0),(2487,'Al Farwaniyah',113,0),(2488,'Al Shamiya',113,0),(2489,'Ar Rawdah',113,0),(2490,'As Salimiyah',113,0),(2491,'Ash Shu`aybah',113,0),(2492,'Ash Shuwaykh',113,0),(2493,'Bayan',113,0),(2494,'Hawalli',113,0),(2495,'Janub as Surrah',113,0),(2496,'Kayfan',113,0),(2497,'Kuwait City',113,0),(2498,'Salwa',113,0),(2499,'Adazi',116,0),(2500,'Agenskalns',116,0),(2501,'Aizkraukle',116,0),(2502,'Aizpute',116,0),(2503,'Baldone',116,0),(2504,'Balvi',116,0),(2505,'Bauska',116,0),(2506,'Brankas',116,0),(2507,'Carnikava',116,0),(2508,'Centrs',116,0),(2509,'Daugavpils',116,0),(2510,'Dobele',116,0),(2511,'Durbe',116,0),(2512,'Gulbene',116,0),(2513,'Ilguciems',116,0),(2514,'Izvalta',116,0),(2515,'Jaunolaine',116,0),(2516,'Jelgava',116,0),(2517,'Kandava',116,0),(2518,'Kolka',116,0),(2519,'Lapmezciems',116,0),(2520,'Liepa',116,0),(2521,'Ludza',116,0),(2522,'Madona',116,0),(2523,'Malpils',116,0),(2524,'Malta',116,0),(2525,'Marupe',116,0),(2526,'Mazsalaca',116,0),(2527,'Ogre',116,0),(2528,'Olaine',116,0),(2529,'Ozolnieki',116,0),(2530,'Pilsrundale',116,0),(2531,'Priedkalne',116,0),(2532,'Pure',116,0),(2533,'Riga',116,0),(2534,'Salaspils',116,0),(2535,'Saldus',116,0),(2536,'Sigulda',116,0),(2537,'Smiltene',116,0),(2538,'Stalgene',116,0),(2539,'Talsi',116,0),(2540,'Tukums',116,0),(2541,'Valka',116,0),(2542,'Valmiera',116,0),(2543,'Varsava',116,0),(2544,'Ventspils',116,0),(2545,'Zasa',116,0),(2546,'Zilupe',116,0),(2547,'Aaley',117,0),(2548,'Adma',117,0),(2549,'Ashrafiye',117,0),(2550,'Baabda',117,0),(2551,'Baalbek',117,0),(2552,'Beirut',117,0),(2553,'Broummana',117,0),(2554,'Bsalim',117,0),(2555,'Chekka',117,0),(2556,'Dbaiye',117,0),(2557,'Dik el Mehdi',117,0),(2558,'Halba',117,0),(2559,'Hboub',117,0),(2560,'Sarba',117,0),(2561,'Sidon',117,0),(2562,'Tripoli',117,0),(2563,'Yanar',117,0),(2564,'Zgharta',117,0),(2565,'Benghazi',120,0),(2566,'Misratah',120,0),(2567,'Sabha',120,0),(2568,'Tripoli',120,0),(2569,'Zliten',120,0),(2570,'Balzers',121,0),(2571,'Bendern',121,0),(2572,'Eschen',121,0),(2573,'Gamprin',121,0),(2574,'Mauren',121,0),(2575,'Nendeln',121,0),(2576,'Planken',121,0),(2577,'Ruggell',121,0),(2578,'Schaan',121,0),(2579,'Schaanwald',121,0),(2580,'Schellenberg',121,0),(2581,'Triesen',121,0),(2582,'Triesenberg',121,0),(2583,'Vaduz',121,0),(2584,'Ahn',123,0),(2585,'Alzingen',123,0),(2586,'Bascharage',123,0),(2587,'Beaufort',123,0),(2588,'Beckerich',123,0),(2589,'Beggen',123,0),(2590,'Beidweiler',123,0),(2591,'Belvaux',123,0),(2592,'Berchem',123,0),(2593,'Bereldange',123,0),(2594,'Bergem',123,0),(2595,'Bertrange',123,0),(2596,'Bettembourg',123,0),(2597,'Betzdorf',123,0),(2598,'Bigonville',123,0),(2599,'Bissen',123,0),(2600,'Bivange',123,0),(2601,'Bofferdange',123,0),(2602,'Bonnevoie',123,0),(2603,'Bourglinster',123,0),(2604,'Berovo',125,0),(2605,'Bitola',125,0),(2606,'Bogdanci',125,0),(2607,'Cair',125,0),(2608,'Debar',125,0),(2609,'Delcevo',125,0),(2610,'Demir Hisar',125,0),(2611,'Gevgelija',125,0),(2612,'Gostivar',125,0),(2613,'Ilinden',125,0),(2614,'Kadino',125,0),(2615,'Kavadarci',125,0),(2616,'Kicevo',125,0),(2617,'Kumanovo',125,0),(2618,'Labunista',125,0),(2619,'Lisice',125,0),(2620,'Makedonska Kamenica',125,0),(2621,'Negotino',125,0),(2622,'Novo Selo',125,0),(2623,'Ohrid',125,0),(2624,'Prilep',125,0),(2625,'Pripor',125,0),(2626,'Probistip',125,0),(2627,'Radovis',125,0),(2628,'Shtip',125,0),(2629,'Skopje',125,0),(2630,'Struga',125,0),(2631,'Strumica',125,0),(2632,'Tetovo',125,0),(2633,'Veles',125,0),(2634,'Ambanja',126,0),(2635,'Antananarivo',126,0),(2636,'Antsirabe',126,0),(2637,'Antsiranana',126,0),(2638,'Fianarantsoa',126,0),(2639,'Toamasina',126,0),(2640,'Toliara',126,0),(2641,'Alor Gajah',128,0),(2642,'Alor Star',128,0),(2643,'Ampang',128,0),(2644,'Ayer Itam',128,0),(2645,'Ayer Tawar',128,0),(2646,'Bachok',128,0),(2647,'Bagan Serai',128,0),(2648,'Bahau',128,0),(2649,'Balik Pulau',128,0),(2650,'Bandar',128,0),(2651,'Bandar Baru Bangi',128,0),(2652,'Bandar Tenggara',128,0),(2653,'Bandar Tun Razak',128,0),(2654,'Bangi',128,0),(2655,'Banting',128,0),(2656,'Baru',128,0),(2657,'Batang Berjuntai',128,0),(2658,'Batang Kali',128,0),(2659,'Batu',128,0),(2660,'Batu Arang',128,0),(2661,'Batu Berendam',128,0),(2662,'Batu Caves',128,0),(2663,'Attard',131,0),(2664,'Balzan',131,0),(2665,'Bingemma',131,0),(2666,'Birgu',131,0),(2667,'Birkirkara',131,0),(2668,'Bugibba',131,0),(2669,'Cospicua',131,0),(2670,'Dingli',131,0),(2671,'Fgura',131,0),(2672,'Floriana',131,0),(2673,'Fontana',131,0),(2674,'Ghajnsielem',131,0),(2675,'Gharb',131,0),(2676,'Ghasri',131,0),(2677,'Ghaxaq',131,0),(2678,'Gudja',131,0),(2679,'Gzira',131,0),(2680,'Hal Gharghur',131,0),(2681,'Hamrun',131,0),(2682,'Haz-Zebbug',131,0),(2683,'Il-Madliena',131,0),(2684,'Il-Pergla',131,0),(2685,'Imsida',131,0),(2686,'Imtarfa',131,0),(2687,'Iz-Zebbiegh',131,0),(2688,'Kirkop',131,0),(2689,'L-Iklin',131,0),(2690,'L-Iskorvit',131,0),(2691,'Case-Pilote',133,0),(2692,'Ducos',133,0),(2693,'Fort-de-France',133,0),(2694,'Le Carbet',133,0),(2695,'Le Diamant',133,0),(2696,'Le Francois',133,0),(2697,'Le Gros-Morne',133,0),(2698,'Le Lamentin',133,0),(2699,'Le Morne-Rouge',133,0),(2700,'Le Robert',133,0),(2701,'Les Trois-Ilets',133,0),(2702,'Riviere-Salee',133,0),(2703,'Saint-Esprit',133,0),(2704,'Saint-Joseph',133,0),(2705,'Sainte-Anne',133,0),(2706,'Sainte-Luce',133,0),(2707,'Sainte-Marie',133,0),(2708,'Schoelcher',133,0),(2709,'Beau Bassin',135,0),(2710,'Chemin Grenier',135,0),(2711,'Ebene CyberCity',135,0),(2712,'Floreal',135,0),(2713,'Goodlands',135,0),(2714,'Le Reduit',135,0),(2715,'Port Louis',135,0),(2716,'Port Mathurin',135,0),(2717,'Quatre Bornes',135,0),(2718,'Rose Hill',135,0),(2719,'Saint Jean',135,0),(2720,'Tamarin',135,0),(2721,'Vacoas',135,0),(2722,'Bandaboa',136,0),(2723,'Chiconi',136,0),(2724,'Combani',136,0),(2725,'Dzaoudzi',136,0),(2726,'Dzoumonye',136,0),(2727,'Koungou',136,0),(2728,'Mamoudzou',136,0),(2729,'Ouangani',136,0),(2730,'Pamandzi',136,0),(2731,'Sada',136,0),(2732,'Tsingoni',136,0),(2733,'Tsoundzou 1',136,0),(2734,'Abasolo',137,0),(2735,'Acambaro',137,0),(2736,'Acambay',137,0),(2737,'Acapulco',137,0),(2738,'Acatic',137,0),(2739,'Acatlan de Perez Figueroa',137,0),(2740,'Acatzingo de Hidalgo',137,0),(2741,'Acolman',137,0),(2742,'Actopan',137,0),(2743,'Acuna',137,0),(2744,'Adolfo Lopez Mateos',137,0),(2745,'Adolfo Ruiz Cortines',137,0),(2746,'Agua Amarga',137,0),(2747,'Agua Azul',137,0),(2748,'Agua Dulce',137,0),(2749,'Agua Prieta',137,0),(2750,'Aguascalientes',137,0),(2751,'Ahome',137,0),(2752,'Altai',140,0),(2753,'Arvayheer',140,0),(2754,'Baruun-Urt',140,0),(2755,'Bayangol',140,0),(2756,'Bayanhongor',140,0),(2757,'Cecerleg',140,0),(2758,'Chihertey',140,0),(2759,'Choyr',140,0),(2760,'Dalandzadgad',140,0),(2761,'Darhan',140,0),(2762,'Han-Uul',140,0),(2763,'Javhlant',140,0),(2764,'Khovd',140,0),(2765,'Mandalgovi',140,0),(2766,'Ovoot',140,0),(2767,'Saynshand',140,0),(2768,'Toyrim',140,0),(2769,'Ulaan-Uul',140,0),(2770,'Ulan Bator',140,0),(2771,'Uliastay',140,0),(2772,'Undurkhaan',140,0),(2773,'Afourer',142,0),(2774,'Agadir',142,0),(2775,'Ait Melloul',142,0),(2776,'Al Hoceima',142,0),(2777,'Assa',142,0),(2778,'Benguerir',142,0),(2779,'Beni Mellal',142,0),(2780,'Berrechid',142,0),(2781,'Casablanca',142,0),(2782,'Deroua',142,0),(2783,'El Gara',142,0),(2784,'El Hajeb',142,0),(2785,'El Jadida',142,0),(2786,'Erfoud',142,0),(2787,'Fes',142,0),(2788,'Fkih Ben Salah',142,0),(2789,'Kenitra',142,0),(2790,'Khemisset',142,0),(2791,'Khouribga',142,0),(2792,'Ksar el Kebir',142,0),(2793,'Larache',142,0),(2794,'Mansour',142,0),(2795,'Marrakesh',142,0),(2796,'Mehediyah',142,0),(2797,'Meknes',142,0),(2798,'Mohammedia',142,0),(2799,'Nador',142,0),(2800,'Ouazzane',142,0),(2801,'Oued Zem',142,0),(2802,'Oujda',142,0),(2803,'Oulad Teima',142,0),(2804,'Rabat',142,0),(2805,'Safi',142,0),(2806,'Sefrou',142,0),(2807,'Settat',142,0),(2808,'Sidi Bennour',142,0),(2809,'Sidi Slimane',142,0),(2810,'Skhirat',142,0),(2811,'Tahala',142,0),(2812,'Tan-Tan',142,0),(2813,'Tangier',142,0),(2814,'Tarfaya',142,0),(2815,'Taza',142,0),(2816,'Temara',142,0),(2817,'Tiflet',142,0),(2818,'Tiznit',142,0),(2819,'Touissite',142,0),(2820,'Beira',143,0),(2821,'Maputo',143,0),(2822,'Matola',143,0),(2823,'Mozambique',143,0),(2824,'Nampula',143,0),(2825,'Pemba',143,0),(2826,'Quelimane',143,0),(2827,'Tete',143,0),(2828,'Hlaing',144,0),(2829,'Inya',144,0),(2830,'Kyauktada',144,0),(2831,'Mandalay',144,0),(2832,'Wagan',144,0),(2833,'Yangon',144,0),(2834,'Etunda',145,0),(2835,'Grootfontein',145,0),(2836,'Katima Mulilo',145,0),(2837,'Keetmanshoop',145,0),(2838,'Mpapuka',145,0),(2839,'Olympia',145,0),(2840,'Ondangwa',145,0),(2841,'Ongwediva',145,0),(2842,'Oranjemund',145,0),(2843,'Oshakati',145,0),(2844,'Otjiwarongo',145,0),(2845,'Outapi',145,0),(2846,'Swakopmund',145,0),(2847,'Tsumeb',145,0),(2848,'Walvis Bay',145,0),(2849,'Windhoek',145,0),(2850,'Bharatpur',147,0),(2851,'Jawlakhel',147,0),(2852,'Kathmandu',147,0),(2853,'Lumbini',147,0),(2854,'Palpa',147,0),(2855,'Patan',147,0),(2856,'Aagtekerke',148,0),(2857,'Aalburg',148,0),(2858,'Aalden',148,0),(2859,'Aalsmeer',148,0),(2860,'Aalsmeerderbrug',148,0),(2861,'Aalst',148,0),(2862,'Aalten',148,0),(2863,'Aardenburg',148,0),(2864,'Abbekerk',148,0),(2865,'Abbenes',148,0),(2866,'Abcoude',148,0),(2867,'Achterberg',148,0),(2868,'Achterveld',148,0),(2869,'Achthuizen',148,0),(2870,'Achtmaal',148,0),(2871,'Aduard',148,0),(2872,'Aerdenhout',148,0),(2873,'Aerdt',148,0),(2874,'Afferden',148,0),(2875,'Dumbea',150,0),(2876,'Mont-Dore',150,0),(2877,'Noumea',150,0),(2878,'Nouville',150,0),(2879,'Paita',150,0),(2880,'Ahaura',151,0),(2881,'Albany',151,0),(2882,'Amberley',151,0),(2883,'Ashhurst',151,0),(2884,'Auckland',151,0),(2885,'Avondale',151,0),(2886,'Awanui',151,0),(2887,'Balclutha',151,0),(2888,'Balfour',151,0),(2889,'Beachlands',151,0),(2890,'Belmont',151,0),(2891,'Bethlehem',151,0),(2892,'Blackburn',151,0),(2893,'Bombay',151,0),(2894,'Brightwater',151,0),(2895,'Browns Bay',151,0),(2896,'Bulls',151,0),(2897,'Campbells Bay',151,0),(2898,'Cashmere Hills',151,0),(2899,'Cave',151,0),(2900,'Cheviot',151,0),(2901,'Christchurch',151,0),(2902,'Clarks',151,0),(2903,'Clevedon',151,0),(2904,'Clinton',151,0),(2905,'Bluefields',152,0),(2906,'Chinandega',152,0),(2907,'El Panama',152,0),(2908,'Esteli',152,0),(2909,'Granada',152,0),(2910,'Jinotega',152,0),(2911,'Los Arados',152,0),(2912,'Managua',152,0),(2913,'Masaya',152,0),(2914,'Matagalpa',152,0),(2915,'Ocotal',152,0),(2916,'Rivas',152,0),(2917,'San Juan del Sur',152,0),(2918,'Aba',154,0),(2919,'Abakaliki',154,0),(2920,'Abeokuta',154,0),(2921,'Abraka',154,0),(2922,'Abraka',154,0),(2923,'Abuja',154,0),(2924,'Ado-Ekiti',154,0),(2925,'Adodo',154,0),(2926,'Aganga',154,0),(2927,'Agege',154,0),(2928,'Agidingbi',154,0),(2929,'Ajegunle',154,0),(2930,'Ajuwon',154,0),(2931,'Akure',154,0),(2932,'Alimosho',154,0),(2933,'Anambra',154,0),(2934,'Apapa',154,0),(2935,'Ayobo',154,0),(2936,'Benin City',154,0),(2937,'Birnin Kebbi',154,0),(2938,'Bonny',154,0),(2939,'Burutu',154,0),(2940,'Bwari',154,0),(2941,'Calabar',154,0),(2942,'Chafe',154,0),(2943,'Damaturu',154,0),(2944,'Egbeda',154,0),(2945,'Ekpoma',154,0),(2946,'Enugu',154,0),(2947,'Forum',154,0),(2948,'Funtua',154,0),(2949,'Ibadan',154,0),(2950,'Ido',154,0),(2951,'Ifako',154,0),(2952,'Igando',154,0),(2953,'Igueben',154,0),(2954,'Ikeja',154,0),(2955,'Ikorodu',154,0),(2956,'Ikotun',154,0),(2957,'Ile-Ife',154,0),(2958,'Ilesa',154,0),(2959,'Ilorin',154,0),(2960,'Ipaja',154,0),(2961,'Iseri-Oke',154,0),(2962,'Isolo',154,0),(2963,'Jalingo',154,0),(2964,'Jos',154,0),(2965,'Kaduna',154,0),(2966,'Kano',154,0),(2967,'Kebbi',154,0),(2968,'Lagos',154,0),(2969,'Lekki',154,0),(2970,'Lokoja',154,0),(2971,'Magodo',154,0),(2972,'Makurdi',154,0),(2973,'Maryland',154,0),(2974,'Minna',154,0),(2975,'Mogho',154,0),(2976,'Mowe',154,0),(2977,'Mushin',154,0),(2978,'Nsukka',154,0),(2979,'Obafemi',154,0),(2980,'Obudu',154,0),(2981,'Odau',154,0),(2982,'Ojo',154,0),(2983,'Ojota',154,0),(2984,'Ondo',154,0),(2985,'Onigbongbo',154,0),(2986,'Orile Oshodi',154,0),(2987,'Oshodi',154,0),(2988,'Osogbo',154,0),(2989,'Ota',154,0),(2990,'Owerri',154,0),(2991,'Oworonsoki',154,0),(2992,'Port Harcourt',154,0),(2993,'Shomolu',154,0),(2994,'Suleja',154,0),(2995,'Suru-Lere',154,0),(2996,'Tara',154,0),(2997,'Ughelli',154,0),(2998,'Ungwan Madaki',154,0),(2999,'Uyo',154,0),(3000,'Warri',154,0),(3001,'Warri',154,0),(3002,'Yaba',154,0),(3003,'Yola',154,0),(3004,'Zaria',154,0),(3005,'Abelvaer',160,0),(3006,'Adalsbruk',160,0),(3007,'Adland',160,0),(3008,'Agotnes',160,0),(3009,'Agskardet',160,0),(3010,'Aker',160,0),(3011,'Akkarfjord',160,0),(3012,'Akrehamn',160,0),(3013,'Al',160,0),(3014,'Alen',160,0),(3015,'Algard',160,0),(3016,'Almas',160,0),(3017,'Alta',160,0),(3018,'Alvdal',160,0),(3019,'Amli',160,0),(3020,'Amli',160,0),(3021,'Amot',160,0),(3022,'Amot',160,0),(3023,'Ana-Sira',160,0),(3024,'Andalsnes',160,0),(3025,'Andenes',160,0),(3026,'Angvika',160,0),(3027,'Ankenes',160,0),(3028,'Annstad',160,0),(3029,'Ardal',160,0),(3030,'Ardalstangen',160,0),(3031,'Arendal',160,0),(3032,'Arland',160,0),(3033,'Arneberg',160,0),(3034,'Arnes',160,0),(3035,'Al Sohar',161,0),(3036,'Muscat',161,0),(3037,'Nizwa',161,0),(3038,'Ruwi',161,0),(3039,'Saham',161,0),(3040,'Salalah',161,0),(3041,'Samad',161,0),(3042,'Abbottabad',162,0),(3043,'Attock',162,0),(3044,'Batgram',162,0),(3045,'Bhimbar',162,0),(3046,'Burewala',162,0),(3047,'Cantt',162,0),(3048,'Chakwal',162,0),(3049,'Clifton',162,0),(3050,'Daska',162,0),(3051,'Daud Khel',162,0),(3052,'Dera Ghazi Khan',162,0),(3053,'Faisalabad',162,0),(3054,'Fazal',162,0),(3055,'Gilgit',162,0),(3056,'Goth Abad Magsi',162,0),(3057,'Gujar Khan',162,0),(3058,'Gujranwala',162,0),(3059,'Gujrat',162,0),(3060,'Gulberg',162,0),(3061,'Gulshan-e-Iqbal',162,0),(3062,'Habib Baihk',162,0),(3063,'Haripur',162,0),(3064,'Havelian',162,0),(3065,'Hyderabad',162,0),(3066,'Islamabad',162,0),(3067,'Jhang City',162,0),(3068,'Jhang Sadr',162,0),(3069,'Jhelum',162,0),(3070,'Jhumra',162,0),(3071,'Kabirwala',162,0),(3072,'Karachi',162,0),(3073,'Kasur',162,0),(3074,'Khan',162,0),(3075,'Khanewal',162,0),(3076,'Khanpur',162,0),(3077,'Kohat',162,0),(3078,'Lahore',162,0),(3079,'Mandi',162,0),(3080,'Mandi Bahauddin',162,0),(3081,'Mansehra',162,0),(3082,'Mardan',162,0),(3083,'Mian Channu',162,0),(3084,'Mianwali',162,0),(3085,'Miran Shah',162,0),(3086,'Multan',162,0),(3087,'Muzaffarabad',162,0),(3088,'Nangar',162,0),(3089,'Nankana Sahib',162,0),(3090,'Narowal',162,0),(3091,'New Mirpur',162,0),(3092,'Nowshera',162,0),(3093,'Okara',162,0),(3094,'Peshawar',162,0),(3095,'Pindi',162,0),(3096,'Plot',162,0),(3097,'Quetta',162,0),(3098,'Rawalpindi',162,0),(3099,'Rawlakot',162,0),(3100,'Saddar',162,0),(3101,'Sahiwal',162,0),(3102,'Sarai Sidhu',162,0),(3103,'Sargodha',162,0),(3104,'Sarwar',162,0),(3105,'Sheikhupura',162,0),(3106,'Sialkot',162,0),(3107,'Sukkur',162,0),(3108,'Toba Tek Singh',162,0),(3109,'Usman',162,0),(3110,'Wazirabad',162,0),(3111,'Ziauddin',162,0),(3112,'Al Mawasi',164,0),(3113,'Bethlehem',164,0),(3114,'Gaza',164,0),(3115,'Hebron',164,0),(3116,'Jenin',164,0),(3117,'Jericho',164,0),(3118,'Nablus',164,0),(3119,'Ramallah',164,0),(3120,'Aguadulce',165,0),(3121,'Albrook',165,0),(3122,'Ancon',165,0),(3123,'Arosemena',165,0),(3124,'Arraijan',165,0),(3125,'Balboa',165,0),(3126,'Bella Vista',165,0),(3127,'Bocas del Toro',165,0),(3128,'Boquete',165,0),(3129,'Bugaba',165,0),(3130,'Calidonia',165,0),(3131,'Campo Alegre',165,0),(3132,'Cerro Viento',165,0),(3133,'Chigore',165,0),(3134,'Chiriqui',165,0),(3135,'Cocle',165,0),(3136,'Corozal',165,0),(3137,'Cristobal',165,0),(3138,'Curundame',165,0),(3139,'Curundu',165,0),(3140,'David',165,0),(3141,'El Arado',165,0),(3142,'El Cangrejo',165,0),(3143,'El Lago',165,0),(3144,'Elena',165,0),(3145,'Entre Rios',165,0),(3146,'Finca Blanco Numero Uno',165,0),(3147,'Fuerte Amador',165,0),(3148,'Guadalupe',165,0),(3149,'Jimenez',165,0),(3150,'Juan Diaz',165,0),(3151,'Juan Diaz',165,0),(3152,'Juan Franco',165,0),(3153,'Kuba',165,0),(3154,'La Chorrera',165,0),(3155,'La Exposicion',165,0),(3156,'La Loma',165,0),(3157,'Las Mercedes',165,0),(3158,'Las Sabanas',165,0),(3159,'Las Tablas',165,0),(3160,'Llano Tugri',165,0),(3161,'Los Angeles',165,0),(3162,'Muerto',165,0),(3163,'Mulatupo',165,0),(3164,'Paitilla',165,0),(3165,'Panama City',165,0),(3166,'Parque Lefevre',165,0),(3167,'Peru',165,0),(3168,'Playa Blanca',165,0),(3169,'Plaza',165,0),(3170,'Portobelo',165,0),(3171,'Pueblo Nuevo',165,0),(3172,'Quebrada de Camilo',165,0),(3173,'Rio Abajo',165,0),(3174,'Sabalo',165,0),(3175,'Sacramento',165,0),(3176,'San Cristobal',165,0),(3177,'San Felipe',165,0),(3178,'San Francisco',165,0),(3179,'San Miguelito',165,0),(3180,'Santa Ana',165,0),(3181,'Santa Catalina',165,0),(3182,'Santa Clara',165,0),(3183,'Santa Isabel',165,0),(3184,'Santiago',165,0),(3185,'Santo Domingo',165,0),(3186,'Tocumen',165,0),(3187,'Torre',165,0),(3188,'Torres Bluff',165,0),(3189,'Veraguas',165,0),(3190,'Victoria',165,0),(3191,'Vista Alegre',165,0),(3192,'Vista Hermosa',165,0),(3193,'Aitape',166,0),(3194,'Arawa',166,0),(3195,'Daru',166,0),(3196,'Goroka',166,0),(3197,'Kavieng',166,0),(3198,'Kerema',166,0),(3199,'Kikori',166,0),(3200,'Kimbe',166,0),(3201,'Kiunga',166,0),(3202,'Kokopo',166,0),(3203,'Kundiawa',166,0),(3204,'Kupano',166,0),(3205,'Lae',166,0),(3206,'Lorengau',166,0),(3207,'Madang',166,0),(3208,'Mendi',166,0),(3209,'Mount Hagen',166,0),(3210,'Namatanai',166,0),(3211,'Nambaga',166,0),(3212,'Paivara',166,0),(3213,'Pongani',166,0),(3214,'Popondetta',166,0),(3215,'Port Moresby',166,0),(3216,'Vanimo',166,0),(3217,'Wabag',166,0),(3218,'Waigani',166,0),(3219,'Wewak',166,0),(3220,'Ayolas',167,0),(3221,'Boqueron',167,0),(3222,'Chore',167,0),(3223,'Ciudad del Este',167,0),(3224,'Colonia Mariano Roque Alonso',167,0),(3225,'Coronel Oviedo',167,0),(3226,'Fernando de la Mora',167,0),(3227,'Fuerte Olimpo',167,0),(3228,'Hernandarias',167,0),(3229,'Hohenau',167,0),(3230,'Independencia',167,0),(3231,'La Paz',167,0),(3232,'Limpio',167,0),(3233,'Loma Plata',167,0),(3234,'Luque',167,0),(3235,'Nemby',167,0),(3236,'Presidente Franco',167,0),(3237,'Salto del Guaira',167,0),(3238,'San Alberto',167,0),(3239,'San Juan Bautista',167,0),(3240,'San Lorenzo',167,0),(3241,'Santa Rita',167,0),(3242,'Santa Rosa',167,0),(3243,'Villa Elisa',167,0),(3244,'Villa Hayes',167,0),(3245,'Villarrica',167,0),(3246,'Yataity',167,0),(3247,'Abancay',168,0),(3248,'Arequipa',168,0),(3249,'Ate',168,0),(3250,'Ayacucho',168,0),(3251,'Bagua',168,0),(3252,'Barranca',168,0),(3253,'Barranco',168,0),(3254,'Bellavista',168,0),(3255,'Bolivar',168,0),(3256,'Cajamarca',168,0),(3257,'Callao',168,0),(3258,'Calle',168,0),(3259,'Caras',168,0),(3260,'Cerro de Pasco',168,0),(3261,'Chachapoyas',168,0),(3262,'Chiclayo',168,0),(3263,'Chimbote',168,0),(3264,'Chincha',168,0),(3265,'Cusco',168,0),(3266,'Cuzco',168,0),(3267,'El Agustino',168,0),(3268,'Hacienda La Palma',168,0),(3269,'Huacho',168,0),(3270,'Huancavelica',168,0),(3271,'Huancayo',168,0),(3272,'Huaral',168,0),(3273,'Huaraz',168,0),(3274,'Huaytara',168,0),(3275,'Ica',168,0),(3276,'Ilo',168,0),(3277,'Imperial',168,0),(3278,'Iquitos',168,0),(3279,'Jaen',168,0),(3280,'Jesus Maria',168,0),(3281,'Jose Olaya',168,0),(3282,'Juliaca',168,0),(3283,'Junin',168,0),(3284,'La Molina',168,0),(3285,'La Perla',168,0),(3286,'La Punta',168,0),(3287,'Lambayeque',168,0),(3288,'Lima',168,0),(3289,'Lince',168,0),(3290,'Loreto',168,0),(3291,'Lurigancho',168,0),(3292,'Machu Picchu',168,0),(3293,'Maldonado',168,0),(3294,'Minas de Marcona',168,0),(3295,'Miraflores',168,0),(3296,'Moquegua',168,0),(3297,'Moyobamba',168,0),(3298,'Pasco',168,0),(3299,'Paucarpata',168,0),(3300,'Pimentel',168,0),(3301,'Pisco',168,0),(3302,'Piura',168,0),(3303,'Progreso',168,0),(3304,'Pucallpa',168,0),(3305,'Puerto Inca',168,0),(3306,'Puerto Maldonado',168,0),(3307,'Puno',168,0),(3308,'Rimac',168,0),(3309,'Rimac',168,0),(3310,'Rioja',168,0),(3311,'San Borja',168,0),(3312,'San Isidro',168,0),(3313,'San Isidro',168,0),(3314,'San Juan Bautista',168,0),(3315,'San Martin',168,0),(3316,'San Martin',168,0),(3317,'San Miguel',168,0),(3318,'Santa',168,0),(3319,'Santiago',168,0),(3320,'Santiago De Surco',168,0),(3321,'Sullana',168,0),(3322,'Surco',168,0),(3323,'Surquillo',168,0),(3324,'Tacna',168,0),(3325,'Talara',168,0),(3326,'Tarapoto',168,0),(3327,'Tingo Maria',168,0),(3328,'Trujillo',168,0),(3329,'Tumbes',168,0),(3330,'Ventanilla',168,0),(3331,'Victoria',168,0),(3332,'Abucay',169,0),(3333,'Acacia',169,0),(3334,'Aguilar',169,0),(3335,'Agusan Pequeno',169,0),(3336,'Alabang',169,0),(3337,'Alaminos',169,0),(3338,'Alaminos',169,0),(3339,'Alcala',169,0),(3340,'Alfonso',169,0),(3341,'Alitagtag',169,0),(3342,'Amadeo',169,0),(3343,'Angat',169,0),(3344,'Angeles City',169,0),(3345,'Angeles City',169,0),(3346,'Angono',169,0),(3347,'Antipolo',169,0),(3348,'Antipolo',169,0),(3349,'Apalit',169,0),(3350,'Aquino',169,0),(3351,'Arayat',169,0),(3352,'Asia',169,0),(3353,'Aurora',169,0),(3354,'Ayala',169,0),(3355,'Baao',169,0),(3356,'Baclaran',169,0),(3357,'Bacolod City',169,0),(3358,'Bacoor',169,0),(3359,'Bagac',169,0),(3360,'Bago City',169,0),(3361,'Bagong Nayon',169,0),(3362,'Baguio City',169,0),(3363,'Bagumbayan',169,0),(3364,'Balabag',169,0),(3365,'Balagtas',169,0),(3366,'Balamban',169,0),(3367,'Balanga',169,0),(3368,'Balayan',169,0),(3369,'Baliuag',169,0),(3370,'Balungao',169,0),(3371,'Barbar',169,0),(3372,'Bataan',169,0),(3373,'Bataan',169,0),(3374,'Batangas',169,0),(3375,'Bates',169,0),(3376,'Batis',169,0),(3377,'Bauan',169,0),(3378,'Bauan',169,0),(3379,'Bautista',169,0),(3380,'Bay',169,0),(3381,'Bayan',169,0),(3382,'Bayawan',169,0),(3383,'Binan',169,0),(3384,'Binangonan',169,0),(3385,'Binondo',169,0),(3386,'Blumentritt',169,0),(3387,'Boac',169,0),(3388,'Bocaue',169,0),(3389,'Bonifacio',169,0),(3390,'Bool',169,0),(3391,'Bukidnon',169,0),(3392,'Bulacan',169,0),(3393,'Bulacan',169,0),(3394,'Burgos',169,0),(3395,'Bustos',169,0),(3396,'Buting',169,0),(3397,'Butuan',169,0),(3398,'Cabanatuan City',169,0),(3399,'Cabatuan',169,0),(3400,'Cabugao',169,0),(3401,'Cabuyao',169,0),(3402,'Cafe',169,0),(3403,'Cagayan',169,0),(3404,'Cagayan de Oro',169,0),(3405,'Cainta',169,0),(3406,'Calaca',169,0),(3407,'Calamba',169,0),(3408,'Calamba City',169,0),(3409,'Calapan',169,0),(3410,'Calasiao',169,0),(3411,'Calbayog City',169,0),(3412,'Calinan',169,0),(3413,'Caloocan',169,0),(3414,'Caloocan',169,0),(3415,'Caloocan City',169,0),(3416,'Adama',171,0),(3417,'Alwernia',171,0),(3418,'Andrespol',171,0),(3419,'Andrychow',171,0),(3420,'Anin',171,0),(3421,'Annopol',171,0),(3422,'Arkadia',171,0),(3423,'Babienica',171,0),(3424,'Babimost',171,0),(3425,'Baborow',171,0),(3426,'Baboszewo',171,0),(3427,'Balice',171,0),(3428,'Balice',171,0),(3429,'Banino',171,0),(3430,'Baniocha',171,0),(3431,'Baran',171,0),(3432,'Baranow',171,0),(3433,'Baranowko',171,0),(3434,'Barciany',171,0),(3435,'Barcice',171,0),(3436,'Barcin',171,0),(3437,'Barczewo',171,0),(3438,'Barglowka',171,0),(3439,'Barlinek',171,0),(3440,'Bartoszyce',171,0),(3441,'Baruchowo',171,0),(3442,'Barwice',171,0),(3443,'Bazanowka',171,0),(3444,'Beblo',171,0),(3445,'Bedkow',171,0),(3446,'Bejsce',171,0),(3447,'Belk',171,0),(3448,'Belsk Duzy',171,0),(3449,'Belsznica',171,0),(3450,'Bestwina',171,0),(3451,'Bestwinka',171,0),(3452,'Biala',171,0),(3453,'Bialobrzegi',171,0),(3454,'Bialy Dunajec',171,0),(3455,'Bibice',171,0),(3456,'Abobada',172,0),(3457,'Abrantes',172,0),(3458,'Acores',172,0),(3459,'Aguada de Cima',172,0),(3460,'Agualva',172,0),(3461,'Agucadoura',172,0),(3462,'Aguiar da Beira Municipality',172,0),(3463,'Alandroal',172,0),(3464,'Albergaria-a-Velha',172,0),(3465,'Albufeira',172,0),(3466,'Alcabideche',172,0),(3467,'Alcacer do Sal',172,0),(3468,'Alcains',172,0),(3469,'Alcanede',172,0),(3470,'Alcanena',172,0),(3471,'Alcobaca',172,0),(3472,'Alcochete',172,0),(3473,'Alcoentre',172,0),(3474,'Aldeia de Paio Pires',172,0),(3475,'Aldeia do Meio',172,0),(3476,'Aldeia dos Fernandes',172,0),(3477,'Alenquer',172,0),(3478,'Alfarelos',172,0),(3479,'Alfena',172,0),(3480,'Alfornelos',172,0),(3481,'Alfragide',172,0),(3482,'Alges',172,0),(3483,'Algoz',172,0),(3484,'Algueirao',172,0),(3485,'Alhandra',172,0),(3486,'Alhos Vedros',172,0),(3487,'Aljezur',172,0),(3488,'Aljustrel',172,0),(3489,'Adjuntas',173,0),(3490,'Aguada',173,0),(3491,'Aguadilla',173,0),(3492,'Aguas Buenas',173,0),(3493,'Aibonito',173,0),(3494,'Anasco',173,0),(3495,'Arecibo',173,0),(3496,'Arroyo',173,0),(3497,'Bajadero',173,0),(3498,'Barceloneta',173,0),(3499,'Barranquitas',173,0),(3500,'Boqueron',173,0),(3501,'Cabo Rojo',173,0),(3502,'Caguas',173,0),(3503,'Camuy',173,0),(3504,'Canovanas',173,0),(3505,'Carolina',173,0),(3506,'Catano',173,0),(3507,'Cayey',173,0),(3508,'Ceiba',173,0),(3509,'Ciales',173,0),(3510,'Cidra',173,0),(3511,'Coamo',173,0),(3512,'Corozal',173,0),(3513,'Coto Laurel',173,0),(3514,'Culebra',173,0),(3515,'Dorado',173,0),(3516,'Ensenada',173,0),(3517,'Fajardo',173,0),(3518,'Florida',173,0),(3519,'Garrochales',173,0),(3520,'Guanica',173,0),(3521,'Guayama',173,0),(3522,'Guayanilla',173,0),(3523,'Guaynabo',173,0),(3524,'Gurabo',173,0),(3525,'Hatillo',173,0),(3526,'Hormigueros',173,0),(3527,'Humacao',173,0),(3528,'Isabela',173,0),(3529,'Jayuya',173,0),(3530,'Juana Diaz',173,0),(3531,'Juncos',173,0),(3532,'Lajas',173,0),(3533,'Lares',173,0),(3534,'Las Piedras',173,0),(3535,'Loiza',173,0),(3536,'Luquillo',173,0),(3537,'Manati',173,0),(3538,'Maricao',173,0),(3539,'Maunabo',173,0),(3540,'Mayaguez',173,0),(3541,'Mercedita',173,0),(3542,'Moca',173,0),(3543,'Morovis',173,0),(3544,'Naguabo',173,0),(3545,'Naranjito',173,0),(3546,'Orocovis',173,0),(3547,'Palmer',173,0),(3548,'Patillas',173,0),(3549,'Penuelas',173,0),(3550,'Ponce',173,0),(3551,'Punta Santiago',173,0),(3552,'Quebradillas',173,0),(3553,'Residencial Puerto Real',173,0),(3554,'Rincon',173,0),(3555,'Rio Grande',173,0),(3556,'Sabana Grande',173,0),(3557,'Sabana Seca',173,0),(3558,'Saint Just',173,0),(3559,'Salinas',173,0),(3560,'San Antonio',173,0),(3561,'San German',173,0),(3562,'San Juan',173,0),(3563,'San Lorenzo',173,0),(3564,'San Sebastian',173,0),(3565,'Santa Isabel',173,0),(3566,'Toa Alta',173,0),(3567,'Toa Baja',173,0),(3568,'Trujillo Alto',173,0),(3569,'Utuado',173,0),(3570,'Vega Alta',173,0),(3571,'Vega Baja',173,0),(3572,'Vieques',173,0),(3573,'Villalba',173,0),(3574,'Yabucoa',173,0),(3575,'Yauco',173,0),(3576,'Adjud',176,0),(3577,'Afumati',176,0),(3578,'Agnita',176,0),(3579,'Aiud',176,0),(3580,'Alba',176,0),(3581,'Alba Iulia',176,0),(3582,'Albesti-Paleologu',176,0),(3583,'Alesd',176,0),(3584,'Alexandria',176,0),(3585,'Alunu',176,0),(3586,'Apahida',176,0),(3587,'Apata',176,0),(3588,'Arad',176,0),(3589,'Avrig',176,0),(3590,'Baba Novac',176,0),(3591,'Baia Mare',176,0),(3592,'Baia Sprie',176,0),(3593,'Baicoi',176,0),(3594,'Baile Olanesti',176,0),(3595,'Baiut',176,0),(3596,'Balomiru de Camp',176,0),(3597,'Balotesti',176,0),(3598,'Banesti',176,0),(3599,'Baraolt',176,0),(3600,'Barbuletu',176,0),(3601,'Bascov',176,0),(3602,'Becicherecu Mic',176,0),(3603,'Berceni',176,0),(3604,'Berzasca',176,0),(3605,'Bethausen',176,0),(3606,'Abakan',177,0),(3607,'Abinsk',177,0),(3608,'Achinsk',177,0),(3609,'Adygeysk',177,0),(3610,'Agapovka',177,0),(3611,'Agidel',177,0),(3612,'Akhtubinsk',177,0),(3613,'Aksay',177,0),(3614,'Aksenovo',177,0),(3615,'Alapayevsk',177,0),(3616,'Aldan',177,0),(3617,'Aleksandrov',177,0),(3618,'Aleksandrovka',177,0),(3619,'Alekseyevka',177,0),(3620,'Alekseyevka',177,0),(3621,'Aleksin',177,0),(3622,'Aleksino',177,0),(3623,'Aleysk',177,0),(3624,'Anse La Raye',181,0),(3625,'Castries',181,0),(3626,'Choiseul',181,0),(3627,'Dauphin',181,0),(3628,'Gros Islet',181,0),(3629,'Vieux Fort',181,0),(3630,'Acquaviva',185,0),(3631,'Falciano',185,0),(3632,'Fiorentino',185,0),(3633,'San Marino',185,0),(3634,'Serravalle',185,0),(3635,'Abha',187,0),(3636,'Abqaiq',187,0),(3637,'Al Bahah',187,0),(3638,'Al Faruq',187,0),(3639,'Al Hufuf',187,0),(3640,'Al Qatif',187,0),(3641,'Al Yamamah',187,0),(3642,'At Tuwal',187,0),(3643,'Buraidah',187,0),(3644,'Dammam',187,0),(3645,'Dhahran',187,0),(3646,'Hayil',187,0),(3647,'Jazirah',187,0),(3648,'Jazirah',187,0),(3649,'Jeddah',187,0),(3650,'Jizan',187,0),(3651,'Jubail',187,0),(3652,'Khamis Mushait',187,0),(3653,'Khobar',187,0),(3654,'Khulays',187,0),(3655,'Linah',187,0),(3656,'Madinat Yanbu` as Sina`iyah',187,0),(3657,'Mecca',187,0),(3658,'Medina',187,0),(3659,'Mina',187,0),(3660,'Najran',187,0),(3661,'Rabigh',187,0),(3662,'Rahimah',187,0),(3663,'Rahman',187,0),(3664,'Ramdah',187,0),(3665,'Ras Tanura',187,0),(3666,'Riyadh',187,0),(3667,'Sabya',187,0),(3668,'Safwa',187,0),(3669,'Sakaka',187,0),(3670,'Sambah',187,0),(3671,'Sayhat',187,0),(3672,'Tabuk',187,0),(3673,'Yanbu` al Bahr',187,0),(3674,'Boussinki',189,0),(3675,'Camberene',189,0),(3676,'Dakar',189,0),(3677,'Dodji',189,0),(3678,'Guediawaye',189,0),(3679,'Kaolack',189,0),(3680,'Kedougou',189,0),(3681,'Louga',189,0),(3682,'Madina Kokoun',189,0),(3683,'Saint-Louis',189,0),(3684,'Sama',189,0),(3685,'Tanaf',189,0),(3686,'Ang Mo Kio New Town',192,0),(3687,'Ayer Raja New Town',192,0),(3688,'Bedok New Town',192,0),(3689,'Boon Lay',192,0),(3690,'Bukit Batok New Town',192,0),(3691,'Bukit Panjang New Town',192,0),(3692,'Bukit Timah',192,0),(3693,'Bukit Timah Estate',192,0),(3694,'Changi Village',192,0),(3695,'Choa Chu Kang New Town',192,0),(3696,'Clementi New Town',192,0),(3697,'Holland Village',192,0),(3698,'Hougang',192,0),(3699,'Jurong East New Town',192,0),(3700,'Jurong Town',192,0),(3701,'Jurong West New Town',192,0),(3702,'Kalang',192,0),(3703,'Kampong Pasir Ris',192,0),(3704,'Kembangan',192,0),(3705,'Pandan Valley',192,0),(3706,'Pasir Panjang',192,0),(3707,'Punggol',192,0),(3708,'Queenstown Estate',192,0),(3709,'Serangoon',192,0),(3710,'Simei New Town',192,0),(3711,'Singapore',192,0),(3712,'Tai Seng',192,0),(3713,'Tampines New Town',192,0),(3714,'Tanglin Halt',192,0),(3715,'Tanjong Pagar',192,0),(3716,'Toa Payoh New Town',192,0),(3717,'Woodlands New Town',192,0),(3718,'Yew Tee',192,0),(3719,'Yishun New Town',192,0),(3720,'Bahon',193,0),(3721,'Baka',193,0),(3722,'Banovce nad Bebravou',193,0),(3723,'Bardejov',193,0),(3724,'Bela',193,0),(3725,'Beladice',193,0),(3726,'Bernolakovo',193,0),(3727,'Besenov',193,0),(3728,'Blatnica',193,0),(3729,'Bobrov',193,0),(3730,'Bohdanovce',193,0),(3731,'Boleraz',193,0),(3732,'Borovce',193,0),(3733,'Branc',193,0),(3734,'Bratislava',193,0),(3735,'Brezno',193,0),(3736,'Brezova pod Bradlom',193,0),(3737,'Bystricka',193,0),(3738,'Cecejovce',193,0),(3739,'Ankaran',194,0),(3740,'Begunje na Gorenjskem',194,0),(3741,'Beltinci',194,0),(3742,'Besnica',194,0),(3743,'Bevke',194,0),(3744,'Bistrica pri Rusah',194,0),(3745,'Bled',194,0),(3746,'Bohinjska Bela',194,0),(3747,'Borovnica',194,0),(3748,'Breginj',194,0),(3749,'Brestanica',194,0),(3750,'Alberton',197,0),(3751,'Alice',197,0),(3752,'Alrode',197,0),(3753,'Amanzimtoti',197,0),(3754,'Ashton',197,0),(3755,'Atlantis',197,0),(3756,'Balfour',197,0),(3757,'Bathurst',197,0),(3758,'Beaufort West',197,0),(3759,'Bedfordview',197,0),(3760,'Belhar',197,0),(3761,'Bellville',197,0),(3762,'Benoni',197,0),(3763,'Bergvliet',197,0),(3764,'Bethal',197,0),(3765,'Bethlehem',197,0),(3766,'Bloemfontein',197,0),(3767,'Boksburg',197,0),(3768,'A Cidade',201,0),(3769,'A Estrada',201,0),(3770,'A Pobra do Caraminal',201,0),(3771,'Abadino',201,0),(3772,'Abanilla',201,0),(3773,'Abanto',201,0),(3774,'Abaran',201,0),(3775,'Abegondo',201,0),(3776,'Abrera',201,0),(3777,'Acala del Rio',201,0),(3778,'Aceuchal',201,0),(3779,'Adeje',201,0),(3780,'Ador',201,0),(3781,'Adra',201,0),(3782,'Adrall',201,0),(3783,'Aduna',201,0),(3784,'Agaete',201,0),(3785,'Agoncillo',201,0),(3786,'Badulla',202,0),(3787,'Battaramulla South',202,0),(3788,'Biyagama',202,0),(3789,'Boralesgamuwa South',202,0),(3790,'Colombo',202,0),(3791,'Dehiwala',202,0),(3792,'Dehiwala-Mount Lavinia',202,0),(3793,'Eppawala',202,0),(3794,'Gampaha',202,0),(3795,'Gangodawila North',202,0),(3796,'Hekitta',202,0),(3797,'Homagama',202,0),(3798,'Kaduwela',202,0),(3799,'Kandana',202,0),(3800,'Kandy',202,0),(3801,'Katubedda',202,0),(3802,'Katunayaka',202,0),(3803,'Kelaniya',202,0),(3804,'Kohuwala',202,0),(3805,'Maharagama',202,0),(3806,'Makola South',202,0),(3807,'Matale',202,0),(3808,'Moratuwa',202,0),(3809,'Nattandiya Town',202,0),(3810,'Negombo',202,0),(3811,'Nugegoda',202,0),(3812,'Orugodawatta',202,0),(3813,'Padukka',202,0),(3814,'Pannipitiya',202,0),(3815,'Peradeniya',202,0),(3816,'Piliyandala',202,0),(3817,'Ragama',202,0),(3818,'Rajagiriya',202,0),(3819,'Sri Jayewardenepura Kotte',202,0),(3820,'Talapathpitiya',202,0),(3821,'Wattala',202,0),(3822,'Wellampitiya',202,0),(3823,'Kassala',203,0),(3824,'Khartoum',203,0),(3825,'Nyala',203,0),(3826,'Shendi',203,0),(3827,'Thabit',203,0),(3828,'Umm Durman',203,0),(3829,'Botopasi',204,0),(3830,'Brownsweg',204,0),(3831,'Friendship',204,0),(3832,'Groningen',204,0),(3833,'Moengo',204,0),(3834,'Nieuw Amsterdam',204,0),(3835,'Onverwacht',204,0),(3836,'Paramaribo',204,0),(3837,'Totness',204,0),(3838,'Kwaluseni',206,0),(3839,'Lobamba',206,0),(3840,'Manzini',206,0),(3841,'Mbabane',206,0),(3842,'Piggs Peak',206,0),(3843,'Aby',207,0),(3844,'AElmhult',207,0),(3845,'AElvdalen',207,0),(3846,'AElvkarleby',207,0),(3847,'AElvsbyn',207,0),(3848,'Agnesberg',207,0),(3849,'Agunnaryd',207,0),(3850,'Akarp',207,0),(3851,'Akers Styckebruk',207,0),(3852,'Akersberga',207,0),(3853,'Alafors',207,0),(3854,'Alandsbro',207,0),(3855,'Aled',207,0),(3856,'Alem',207,0),(3857,'Alfta',207,0),(3858,'Alingsas',207,0),(3859,'Allerum',207,0),(3860,'Aadorf',208,0),(3861,'Aarau',208,0),(3862,'Aarberg',208,0),(3863,'Aarburg',208,0),(3864,'Abtwil',208,0),(3865,'Adelboden',208,0),(3866,'Adligenswil',208,0),(3867,'Adliswil',208,0),(3868,'Aesch',208,0),(3869,'Aesch',208,0),(3870,'Aeschau',208,0),(3871,'Aeschlen ob Gunten',208,0),(3872,'Aettenschwil',208,0),(3873,'Aeugst am Albis',208,0),(3874,'Affoltern am Albis',208,0),(3875,'Agno',208,0),(3876,'Agra',208,0),(3877,'Arusha',211,0),(3878,'Bukoba',211,0),(3879,'Dar es Salaam',211,0),(3880,'Dodoma',211,0),(3881,'Morogoro',211,0),(3882,'Mwanza',211,0),(3883,'Njombe',211,0),(3884,'Raha',211,0),(3885,'Tanga',211,0),(3886,'Zanzibar',211,0),(3887,'Amnat Charoen',212,0),(3888,'Amphawa',212,0),(3889,'Amphoe Aranyaprathet',212,0),(3890,'Ang Thong',212,0),(3891,'Ayutthaya',212,0),(3892,'Ban Ang Thong',212,0),(3893,'Ban Bang Phli Nakhon',212,0),(3894,'Ban Bang Plong',212,0),(3895,'Ban Bueng',212,0),(3896,'Ban Don Sak',212,0),(3897,'Ban Hua Thale',212,0),(3898,'Ban Khlong Ngae',212,0),(3899,'Ban Khlong Prasong',212,0),(3900,'Ban Khlong Prawet',212,0),(3901,'Ban Khlong Takhian',212,0),(3902,'Ban Ko Pao',212,0),(3903,'Ban Na',212,0),(3904,'Ban Nam Hak',212,0),(3905,'Ban Pat Mon',212,0),(3906,'Ban Phichit',212,0),(3907,'Ban Phlam',212,0),(3908,'Ban Pong Lang',212,0),(3909,'Ban Pratunam Tha Khai',212,0),(3910,'Ban Talat Rangsit',212,0),(3911,'Ban Tha Duea',212,0),(3912,'Ban Tha Pai',212,0),(3913,'Ban Tha Ruea',212,0),(3914,'Ban Tham',212,0),(3915,'Ban Wang Yai',212,0),(3916,'Bang Kapi',212,0),(3917,'Bang Khae',212,0),(3918,'Bang Khun Thian',212,0),(3919,'Bang Kruai',212,0),(3920,'Bang Lamung',212,0),(3921,'Bang Na',212,0),(3922,'Bang Phlat',212,0),(3923,'Bang Sao Thong',212,0),(3924,'Bang Sue',212,0),(3925,'Bangkok',212,0),(3926,'Bangkok',212,0),(3927,'Buriram',212,0),(3928,'Cha-am',212,0),(3929,'Chachoengsao',212,0),(3930,'Chaiyaphum',212,0),(3931,'Chanthaburi',212,0),(3932,'Chatuchak',212,0),(3933,'Chiang Mai',212,0),(3934,'Chiang Muan',212,0),(3935,'Chiang Rai',212,0),(3936,'Chon Buri',212,0),(3937,'Chulabhorn',212,0),(3938,'Chumphon',212,0),(3939,'Din Daeng',212,0),(3940,'Don Mueang',212,0),(3941,'Dusit',212,0),(3942,'Hat Yai',212,0),(3943,'Hua Hin',212,0),(3944,'Huai Khwang',212,0),(3945,'Ka Bang',212,0),(3946,'Kalasin',212,0),(3947,'Kamphaeng Phet',212,0),(3948,'Kanchanaburi',212,0),(3949,'Kathu',212,0),(3950,'Khan Na Yao',212,0),(3951,'Khlong Luang',212,0),(3952,'Khlong San',212,0),(3953,'Khlong Toei',212,0),(3954,'Khlung',212,0),(3955,'Khon Kaen',212,0),(3956,'Klaeng',212,0),(3957,'Kosum Phisai',212,0),(3958,'Krabi',212,0),(3959,'Krathum Baen',212,0),(3960,'Kumphawapi',212,0),(3961,'Lampang',212,0),(3962,'Lamphun',212,0),(3963,'Lat Krabang',212,0),(3964,'Loei',212,0),(3965,'Long',212,0),(3966,'Lopburi',212,0),(3967,'Mae Hong Son',212,0),(3968,'Mae Sot',212,0),(3969,'Maha Sarakham',212,0),(3970,'Makkasan',212,0),(3971,'Manorom',212,0),(3972,'Min Buri',212,0),(3973,'Muak Lek',212,0),(3974,'Mueang Nonthaburi',212,0),(3975,'Mueang Samut Prakan',212,0),(3976,'Mukdahan',212,0),(3977,'Nakhon Pathom',212,0),(3978,'Nakhon Ratchasima',212,0),(3979,'Nakhon Sawan',212,0),(3980,'Nakhon Si Thammarat',212,0),(3981,'Nan',212,0),(3982,'Narathiwat',212,0),(3983,'New Sukhothai',212,0),(3984,'Non Thai',212,0),(3985,'Nong Bua',212,0),(3986,'Nong Bua Lamphu',212,0),(3987,'Nong Khai',212,0),(3988,'Nong Prue',212,0),(3989,'Pak Kret',212,0),(3990,'Pathum Thani',212,0),(3991,'Pathum Wan',212,0),(3992,'Pattani',212,0),(3993,'Pattaya',212,0),(3994,'Phachi',212,0),(3995,'Phan',212,0),(3996,'Phang Khon',212,0),(3997,'Phang Nga',212,0),(3998,'Phanna Nikhom',212,0),(3999,'Phatthalung',212,0),(4000,'Phaya Thai',212,0),(4001,'Phayao',212,0),(4002,'Phetchabun',212,0),(4003,'Phetchaburi',212,0),(4004,'Phichit',212,0),(4005,'Phitsanulok',212,0),(4006,'Photharam',212,0),(4007,'Phrae',212,0),(4008,'Phuket',212,0),(4009,'Prachin Buri',212,0),(4010,'Prachuap Khiri Khan',212,0),(4011,'Prakanong',212,0),(4012,'Ranong',212,0),(4013,'Ratchaburi',212,0),(4014,'Rawai',212,0),(4015,'Rayong',212,0),(4016,'Roi Et',212,0),(4017,'Sa Kaeo',212,0),(4018,'Sakon Nakhon',212,0),(4019,'Salaya',212,0),(4020,'Sam Khok',212,0),(4021,'Sam Sen',212,0),(4022,'Samphanthawong',212,0),(4023,'Samut Sakhon',212,0),(4024,'Samut Songkhram',212,0),(4025,'San Sai',212,0),(4026,'Sathon',212,0),(4027,'Sattahip',212,0),(4028,'Satun',212,0),(4029,'Sena',212,0),(4030,'Si Racha',212,0),(4031,'Si Sa Ket',212,0),(4032,'Sing Buri',212,0),(4033,'Songkhla',212,0),(4034,'Suan Luang',212,0),(4035,'Sung Noen',212,0),(4036,'Suphan Buri',212,0),(4037,'Surin',212,0),(4038,'Tak',212,0),(4039,'Thalang',212,0),(4040,'Thanyaburi',212,0),(4041,'Thon Buri',212,0),(4042,'Trang',212,0),(4043,'Trat',212,0),(4044,'Ubon Ratchathani',212,0),(4045,'Udon Thani',212,0),(4046,'Uthai Thani',212,0),(4047,'Uttaradit',212,0),(4048,'Wang Thonglang',212,0),(4049,'Watthana',212,0),(4050,'Wiphawadi',212,0),(4051,'Yala',212,0),(4052,'Yasothon',212,0),(4053,'Arima',216,0),(4054,'Arouca',216,0),(4055,'Barataria',216,0),(4056,'California',216,0),(4057,'Carapichaima',216,0),(4058,'Carenage',216,0),(4059,'Caroni',216,0),(4060,'Chaguanas',216,0),(4061,'Claxton Bay',216,0),(4062,'Couva',216,0),(4063,'Cumuto',216,0),(4064,'Cunupia',216,0),(4065,'Curepe',216,0),(4066,'Debe',216,0),(4067,'Diego Martin',216,0),(4068,'El Dorado',216,0),(4069,'Freeport',216,0),(4070,'Fyzabad',216,0),(4071,'Gasparillo',216,0),(4072,'Golden Lane',216,0),(4073,'Laventille',216,0),(4074,'Lopinot',216,0),(4075,'Marabella',216,0),(4076,'Maraval',216,0),(4077,'Moriah',216,0),(4078,'Morvant',216,0),(4079,'Penal',216,0),(4080,'Petit Valley',216,0),(4081,'Phoenix Park',216,0),(4082,'Piarco',216,0),(4083,'Port of Spain',216,0),(4084,'Princes Town',216,0),(4085,'Rio Claro',216,0),(4086,'Roxborough',216,0),(4087,'Saint Augustine',216,0),(4088,'Saint Clair',216,0),(4089,'Saint James',216,0),(4090,'Saint Joseph',216,0),(4091,'San Fernando',216,0),(4092,'San Juan',216,0),(4093,'Sangre Grande',216,0),(4094,'Santa Cruz',216,0),(4095,'Scarborough',216,0),(4096,'Siparia',216,0),(4097,'Tunapuna',216,0),(4098,'Valsayn',216,0),(4099,'Victoria',216,0),(4100,'Ward of Tacarigua',216,0),(4101,'Woodbrook',216,0),(4102,'Ariana',217,0),(4103,'Beja',217,0),(4104,'Gafsa',217,0),(4105,'Hammamet',217,0),(4106,'Le Bardo',217,0),(4107,'Manouba',217,0),(4108,'Monastir',217,0),(4109,'Rades',217,0),(4110,'Sfax',217,0),(4111,'Sidi Bouzid',217,0),(4112,'Sousse',217,0),(4113,'Tunis',217,0),(4114,'Abdullah',218,0),(4115,'Acibadem',218,0),(4116,'Ada',218,0),(4117,'Adana',218,0),(4118,'Adnan Menderes',218,0),(4119,'Afyonkarahisar',218,0),(4120,'Akhisar',218,0),(4121,'Aksaray',218,0),(4122,'Alanya',218,0),(4123,'Alpaslan',218,0),(4124,'Amasra',218,0),(4125,'Amasya',218,0),(4126,'Andac',218,0),(4127,'Ankara',218,0),(4128,'Antakya',218,0),(4129,'Antalya',218,0),(4130,'Ardahan',218,0),(4131,'Artvin',218,0),(4132,'Atakoy',218,0),(4133,'Ataturk',218,0),(4134,'Atlas',218,0),(4135,'Ayazaga',218,0),(4136,'Aydin',218,0),(4137,'Aydogan',218,0),(4138,'Aydogdu',218,0),(4139,'Babaeski',218,0),(4140,'Balcova',218,0),(4141,'Banaz',218,0),(4142,'Aleksandriya',223,0),(4143,'Aleksandrovka',223,0),(4144,'Alekseyevo-Druzhkovka',223,0),(4145,'Alupka',223,0),(4146,'Alushta',223,0),(4147,'Babin',223,0),(4148,'Barashivka',223,0),(4149,'Baryshivka',223,0),(4150,'Belaya',223,0),(4151,'Berdychiv',223,0),(4152,'Berehove',223,0),(4153,'Bila Hora',223,0),(4154,'Bila Tserkva',223,0),(4155,'Bolekhiv',223,0),(4156,'Borodyanka',223,0),(4157,'Bortnychi',223,0),(4158,'Boryslav',223,0),(4159,'Abu Dhabi',224,0),(4160,'Al Ain',224,0),(4161,'Al Khan',224,0),(4162,'Ar Ruways',224,0),(4163,'As Satwah',224,0),(4164,'Dayrah',224,0),(4165,'Dubai',224,0),(4166,'Fujairah',224,0),(4167,'Ras al-Khaimah',224,0),(4168,'Sharjah',224,0),(4169,'Abberton',225,0),(4170,'Abbots Langley',225,0),(4171,'Aberaeron',225,0),(4172,'Aberchirder',225,0),(4173,'Abercynon',225,0),(4174,'Aberdare',225,0),(4175,'Aberdeen',225,0),(4176,'Aberfeldy',225,0),(4177,'Aberford',225,0),(4178,'Aberfoyle',225,0),(4179,'Abergavenny',225,0),(4180,'Abergele',225,0),(4181,'Abergwynfi',225,0),(4182,'Abergynolwyn',225,0),(4183,'Aberkenfig',225,0),(4184,'Aberlour',225,0),(4185,'Abersychan',225,0),(4186,'Abertillery',225,0),(4187,'Aberystwyth',225,0),(4188,'Abingdon',225,0),(4189,'Aboyne',225,0),(4190,'Accrington',225,0),(4191,'Abbeville',226,0),(4192,'Abbotsford',226,0),(4193,'Abbott',226,0),(4194,'Abbottstown',226,0),(4195,'Abercrombie',226,0),(4196,'Aberdeen',226,0),(4197,'Aberdeen Proving Ground',226,0),(4198,'Abernathy',226,0),(4199,'Abilene',226,0),(4200,'Abingdon',226,0),(4201,'Abington Township',226,0),(4202,'Abiquiu',226,0),(4203,'Abita Springs',226,0),(4204,'Abrams',226,0),(4205,'Absarokee',226,0),(4206,'Absecon',226,0),(4207,'Acampo',226,0),(4208,'Access',226,0),(4209,'Accident',226,0),(4210,'Accokeek',226,0),(4211,'Accomac',226,0),(4212,'Barra de Carrasco',228,0),(4213,'Canelones',228,0),(4214,'Colonia del Sacramento',228,0),(4215,'Durazno',228,0),(4216,'Florida',228,0),(4217,'La Floresta',228,0),(4218,'La Paz',228,0),(4219,'Las Piedras',228,0),(4220,'Maldonado',228,0),(4221,'Mercedes',228,0),(4222,'Montevideo',228,0),(4223,'Punta del Este',228,0),(4224,'Salto',228,0),(4225,'San Carlos',228,0),(4226,'Toledo',228,0),(4227,'Union',228,0),(4228,'Acarigua',231,0),(4229,'Anaco',231,0),(4230,'Araure',231,0),(4231,'Bachaquero',231,0),(4232,'Barcelona',231,0),(4233,'Barinas',231,0),(4234,'Barquisimeto',231,0),(4235,'Bejuma',231,0),(4236,'Bolivar',231,0),(4237,'Cabimas',231,0),(4238,'Cabudare',231,0),(4239,'Cagua',231,0),(4240,'Caja de Agua',231,0),(4241,'Calabozo',231,0),(4242,'Campo de Carabobo',231,0),(4243,'Caraballeda',231,0),(4244,'Caracas',231,0),(4245,'Caripe',231,0),(4246,'Carrizal',231,0),(4247,'Catia La Mar',231,0),(4248,'Charallave',231,0),(4249,'Chivacoa',231,0),(4250,'Ciudad Guayana',231,0),(4251,'Ciudad Ojeda',231,0),(4252,'Ciudad Piar',231,0),(4253,'Colonia Tovar',231,0),(4254,'Coro',231,0),(4255,'Cua',231,0),(4256,'Curazaito',231,0),(4257,'El Chorro',231,0),(4258,'El Recreo',231,0),(4259,'El Roque',231,0),(4260,'El Rosal',231,0),(4261,'El Tigre',231,0),(4262,'El Vigia',231,0),(4263,'Guachara',231,0),(4264,'Guanare',231,0),(4265,'Guarenas',231,0),(4266,'Guatire',231,0),(4267,'Guayana',231,0),(4268,'Gueiria',231,0),(4269,'La Castellana',231,0),(4270,'La Cruz',231,0),(4271,'La Guaira',231,0),(4272,'La Urbina',231,0),(4273,'La Verdad',231,0),(4274,'La Victoria',231,0),(4275,'La Villa del Rosario',231,0),(4276,'Londres',231,0),(4277,'Los Chorros',231,0),(4278,'Los Teques',231,0),(4279,'Macuto',231,0),(4280,'Maiquetia',231,0),(4281,'Maracaibo',231,0),(4282,'Maracay',231,0),(4283,'Maria',231,0),(4284,'Mariguitar',231,0),(4285,'Matanzas',231,0),(4286,'Miranda',231,0),(4287,'Monte Cristo',231,0),(4288,'Naguanagua',231,0),(4289,'Ocumare',231,0),(4290,'Pampatar',231,0),(4291,'Porlamar',231,0),(4292,'Puerto Cabello',231,0),(4293,'Puerto La Cruz',231,0),(4294,'Puerto Ordaz and San Felix',231,0),(4295,'Punto Fijo',231,0),(4296,'Sabaneta',231,0),(4297,'San Antonio',231,0),(4298,'San Antonio de Los Altos',231,0),(4299,'San Diego',231,0),(4300,'San Felipe',231,0),(4301,'San Felix',231,0),(4302,'San Francisco',231,0),(4303,'San Joaquin',231,0),(4304,'San Jose de Guanipa',231,0),(4305,'Santa Cruz del Zulia',231,0),(4306,'Santa Fe',231,0),(4307,'Santa Teresa',231,0),(4308,'Solano',231,0),(4309,'Tariba',231,0),(4310,'Torre',231,0),(4311,'Trujillo',231,0),(4312,'Tucupita',231,0),(4313,'Turmero',231,0),(4314,'Valencia',231,0),(4315,'Valera',231,0),(4316,'Valle',231,0),(4317,'Vargas',231,0),(4318,'An Dinh',232,0),(4319,'An Giang',232,0),(4320,'An Nhon',232,0),(4321,'An Tam',232,0),(4322,'An Thanh',232,0),(4323,'Ap Sai Gon',232,0),(4324,'Ap Trung',232,0),(4325,'Bac Giang',232,0),(4326,'Bac Kan',232,0),(4327,'Bac Ninh',232,0),(4328,'Bach Ma',232,0),(4329,'Bang',232,0),(4330,'Ben Nghe',232,0),(4331,'Ben Than',232,0),(4332,'Bien Hoa',232,0),(4333,'Binh Phuoc',232,0),(4334,'Binh Thanh',232,0),(4335,'Binh Thoai',232,0),(4336,'Buon Ma Thuot',232,0),(4337,'Ca Mau',232,0),(4338,'Cam Pha',232,0),(4339,'Can Tho',232,0),(4340,'Cho Ha',232,0),(4341,'Chuong Duong',232,0),(4342,'Co Giang',232,0),(4343,'Da Lat',232,0),(4344,'Da Nang',232,0),(4345,'Dac Loc',232,0),(4346,'Di An',232,0),(4347,'Dien Bien Phu',232,0),(4348,'Dinh Long',232,0),(4349,'Dong',232,0),(4350,'Dong Nai',232,0),(4351,'Dong Thap',232,0),(4352,'Duc Thang',232,0),(4353,'Giong Ngai',232,0),(4354,'Giong Truong',232,0),(4355,'Go Vap',232,0),(4356,'Ha Dong',232,0),(4357,'Ha Long',232,0),(4358,'Ha Nam',232,0),(4359,'Ha Tinh',232,0),(4360,'Haiphong',232,0),(4361,'Hanoi',232,0),(4362,'Ho Chi Minh City',232,0),(4363,'Hoang Mai',232,0),(4364,'Hung Yen',232,0),(4365,'Huong Tinh',232,0),(4366,'Khanh Hoa',232,0),(4367,'Kon Tum',232,0),(4368,'Lang Dung',232,0),(4369,'Lang Hong',232,0),(4370,'Lang Son',232,0),(4371,'Lao Cai',232,0),(4372,'Le Loi',232,0),(4373,'Long An',232,0),(4374,'Long Tan',232,0),(4375,'Long Van',232,0),(4376,'Luong Hoi',232,0),(4377,'Minh Khai',232,0),(4378,'Nghi Loc',232,0),(4379,'Nha Be',232,0),(4380,'Nha Trang',232,0),(4381,'Phan Thon',232,0),(4382,'Phu Nhuan',232,0),(4383,'Phu Tho',232,0),(4384,'Phu Xuyen',232,0),(4385,'Phu Yen',232,0),(4386,'Phuong Tan',232,0),(4387,'Pleiku',232,0),(4388,'Quan Ngoc',232,0),(4389,'Quan Trang',232,0),(4390,'Quang Nam',232,0),(4391,'Quang Tri',232,0),(4392,'Quang Trung',232,0),(4393,'Qui Nhon',232,0),(4394,'Soc Trang',232,0),(4395,'Tam Ky',232,0),(4396,'Tan Binh',232,0),(4397,'Tan Thuan Dong',232,0),(4398,'Tang',232,0),(4399,'Tay Ninh',232,0),(4400,'Thach That',232,0),(4401,'Thanh Nguyen',232,0),(4402,'Thanh Pho Ha Giang',232,0),(4403,'Thanh Pho Hai Duong',232,0),(4404,'Thanh Pho Hoa Binh',232,0),(4405,'Thanh Pho Ninh Binh',232,0),(4406,'Thanh Pho Thai Binh',232,0),(4407,'Thanh Pho Thai Nguyen',232,0),(4408,'Thanh Pho Tuyen Quang',232,0),(4409,'Thon Bao An',232,0),(4410,'Thong Nhat',232,0),(4411,'Thu Dau Mot',232,0),(4412,'Thu Duc',232,0),(4413,'Thuan An',232,0),(4414,'Thuan Cong',232,0),(4415,'Tra Vinh',232,0),(4416,'Trao',232,0),(4417,'Truong Lam',232,0),(4418,'Truong Son',232,0),(4419,'Van Hai',232,0),(4420,'Van Tan',232,0),(4421,'Vi Thanh',232,0),(4422,'Vinh',232,0),(4423,'Vinh Long',232,0),(4424,'Vinh Yen',232,0),(4425,'Xom Phuoc My',232,0),(4426,'Xom Thang',232,0),(4427,'Xom Truong Dinh',232,0),(4428,'Yen Bai',232,0),(4429,'Yen Thanh',232,0),(4430,'Kalomo',240,0),(4431,'Kitwe',240,0),(4432,'Livingstone',240,0),(4433,'Lusaka',240,0),(4434,'Macha',240,0),(4435,'Mumbwa',240,0),(4436,'Ndola',240,0),(4437,'Siavonga',240,0),(4438,'Solwezi',240,0),(4439,'Bulawayo',241,0),(4440,'Chinhoyi',241,0),(4441,'Greendale',241,0),(4442,'Gwanda',241,0),(4443,'Harare',241,0),(4444,'Kwekwe',241,0),(4445,'Mufakose',241,0),(4446,'Mutare',241,0),(4447,'Victoria Falls',241,0);
/*!40000 ALTER TABLE `city` ENABLE KEYS */;
UNLOCK TABLES;

--
-- Table structure for table `country_data`
--

DROP TABLE IF EXISTS `country_data`;
/*!40101 SET @saved_cs_client     = @@character_set_client */;
/*!40101 SET character_set_client = utf8 */;
CREATE TABLE `country_data` (
  `id` int(11) NOT NULL AUTO_INCREMENT,
  `name` varchar(255) DEFAULT NULL,
  `capital` varchar(255) DEFAULT NULL,
  `continent` varchar(255) DEFAULT NULL,
  `independence` date DEFAULT NULL,
  `population` bigint(20) DEFAULT NULL,
  `version` int(11) NOT NULL DEFAULT '0',
  PRIMARY KEY (`id`)
) ENGINE=InnoDB AUTO_INCREMENT=243 DEFAULT CHARSET=latin1;
/*!40101 SET character_set_client = @saved_cs_client */;

--
-- Dumping data for table `country_data`
--

LOCK TABLES `country_data` WRITE;
/*!40000 ALTER TABLE `country_data` DISABLE KEYS */;
INSERT INTO `country_data` VALUES (1,'Afghanistan','Kabul Kan','Asia','1919-12-30',22720000,0),(2,'Albania','Tirana','Europe','1912-12-31',3401200,0),(3,'Algeria','Alger','Africa','1962-01-01',31471000,0),(4,'American Samoa','Fagatogo','Oceania','1920-01-02',68000,0),(5,'Andorra','Andorra la Vella','Europe','1278-01-03',78000,0),(6,'Angola','Luanda','Africa','1975-01-04',12878000,0),(7,'Anguilla','The Valley','North America','1920-01-05',8000,0),(8,'Antarctica','','Antarctica','1920-01-06',0,0),(9,'Antigua and Barbuda','Saint John`s','North America','1981-01-07',68000,0),(10,'Argentina','Buenos Aires','South America','1816-01-08',37032000,0),(11,'Armenia','Yerevan','Asia','1991-01-09',3520000,0),(12,'Aruba','Oranjestad','North America','1920-01-10',103000,0),(13,'Australia','Canberra','Oceania','1901-01-11',23840314,0),(14,'Austria','Wien','Europe','1918-01-12',8091800,0),(15,'Azerbaijan','Baku','Asia','1991-01-13',7734000,0),(16,'Bahamas','Nassau','North America','1973-01-14',307000,0),(17,'Bahrain','al-Manama','Asia','1971-01-15',617000,0),(18,'Bangladesh','Dhaka','Asia','1971-01-16',129155000,0),(19,'Barbados','Bridgetown','North America','1966-01-17',270000,0),(20,'Belarus','Minsk','Europe','1991-01-18',10236000,0),(21,'Belgium','Bruxelles [Brussel]','Europe','1830-01-19',10239000,0),(22,'Belize','Belmopan','North America','1981-01-20',241000,0),(23,'Benin','Porto-Novo','Africa','1960-01-21',6097000,0),(24,'Bermuda','Hamilton','North America','1920-01-22',65000,0),(25,'Bhutan','Thimphu','Asia','1910-01-23',2124000,0),(26,'Bolivia','La Paz','South America','1825-01-24',8329000,0),(27,'Bosnia and Herzegovina','Sarajevo','Europe','1992-01-25',3972000,0),(28,'Botswana','Gaborone','Africa','1966-01-26',1622000,0),(29,'Bouvet Island','','Antarctica','1920-01-27',0,0),(30,'Brazil','Brasília','South America','1822-01-28',170115000,0),(31,'British Indian Ocean Territory','Camp Justice','Africa','1920-01-29',0,0),(32,'Brunei','Bandar Seri Begawan','Asia','1984-01-30',328000,0),(33,'Bulgaria','Sofia','Europe','1908-01-31',8190900,0),(34,'Burkina Faso','Ouagadougou','Africa','1960-02-01',11937000,0),(35,'Burundi','Bujumbura','Africa','1962-02-02',6695000,0),(36,'Cambodia','Phnom Penh','Asia','1953-02-03',11168000,0),(37,'Cameroon','Yaound','Africa','1960-02-04',15085000,0),(38,'Canada','Ottawa','North America','1867-02-05',31147000,0),(39,'Cape Verde','Praia','Africa','1975-02-06',428000,0),(40,'Cayman Islands','George Town','North America','1920-02-07',38000,0),(41,'Central African Republic','Bangui','Africa','1960-02-08',3615000,0),(42,'Chad','N`Djam','Africa','1960-02-09',7651000,0),(43,'Chile','Santiago de Chile','South America','1810-02-10',15211000,0),(44,'China','Peking','Asia','1949-02-11',1277558000,0),(45,'Christmas Island','Flying Fish Cove','Oceania','1920-02-12',2500,0),(46,'Cocos (Keeling) Islands','West Island','Oceania','1920-02-13',600,0),(47,'Colombia','Santaf','South America','1810-02-14',42321000,0),(48,'Comoros','Moroni','Africa','1975-02-15',578000,0),(49,'Congo','Brazzaville','Africa','1960-02-16',2943000,0),(50,'Cook Islands','Avarua','Oceania','1920-02-17',20000,0),(51,'Costa Rica','San Jos','North America','1821-02-18',4023000,0),(52,'Croatia','Zagreb','Europe','1991-02-19',4473000,0),(53,'Cuba','La Habana','North America','1902-02-20',11201000,0),(54,'Cyprus','Nicosia','Asia','1960-02-21',754700,0),(55,'Czech Republic','Praha','Europe','1993-02-22',10278100,0),(56,'Denmark','Copenhagen','Europe','1920-02-23',5330000,0),(57,'Djibouti','Djibouti','Africa','1977-02-24',638000,0),(58,'Dominica','Roseau','North America','1978-02-25',71000,0),(59,'Dominican Republic','Santo Domingo de Guzm','North America','1844-02-26',8495000,0),(60,'East Timor','Dili','Asia','1920-02-27',885000,0),(61,'Ecuador','Quito','South America','1822-02-28',12646000,0),(62,'Egypt','Cairo','Africa','1922-02-22',68470000,0),(63,'El Salvador','San Salvador','North America','1841-03-01',6276000,0),(64,'Equatorial Guinea','Malabo','Africa','1968-03-02',453000,0),(65,'Eritrea','Asmara','Africa','1993-03-03',6250000,0),(66,'Estonia','Tallinn','Europe','1991-03-04',1439200,0),(67,'Ethiopia','Addis Abeba','Africa','1920-03-05',78565000,0),(68,'Falkland Islands','Stanley','South America','1920-03-06',2000,0),(69,'Faroe Islands','Tórshavn','Europe','1920-03-07',43000,0),(70,'Federated States of Micronesia','Palikir','Australia','1990-03-08',0,0),(71,'Fiji Islands','Suva','Oceania','1970-03-09',817000,0),(72,'Finland','Helsinki [Helsingfors]','Europe','1917-03-10',5171300,0),(73,'France','Paris','Europe','1920-03-11',59225700,0),(74,'French Guiana','Cayenne','South America','1920-03-12',181000,0),(75,'French Polynesia','Papeete','Oceania','1920-03-13',235000,0),(76,'French Southern territories','','Antarctica','1920-03-14',0,0),(77,'Gabon','Libreville','Africa','1960-03-15',1226000,0),(78,'Gambia','Banjul','Africa','1965-03-16',1305000,0),(79,'Georgia','Tbilisi','Asia','1991-03-17',4968000,0),(80,'Germany','Berlin','Europe','1955-03-18',82164700,0),(81,'Ghana','Accra','Africa','1957-03-19',20212000,0),(82,'Gibraltar','Gibraltar','Europe','1920-03-20',25000,0),(83,'Greece','Athenai','Europe','1830-03-21',10545700,0),(84,'Greenland','Nuuk','North America','1920-03-22',56000,0),(85,'Grenada','Saint George`s','North America','1974-03-23',94000,0),(86,'Guadeloupe','Basse-Terre','North America','1920-03-24',456000,0),(87,'Guam','Aga','Oceania','1920-03-25',168000,0),(88,'Guatemala','Ciudad de Guatemala','North America','1821-03-26',11385000,0),(89,'Guinea','Conakry','Africa','1920-03-27',7430000,0),(90,'Guinea-Bissau','Bissau','Africa','1920-03-28',1213000,0),(91,'Guyana','Georgetown','South America','1920-03-29',861000,0),(92,'Haiti','Port-au-Prince','North America','1920-03-30',8222000,0),(93,'Heard Island and McDonald Islands','','Antarctica','1920-03-31',0,0),(94,'Holy See (Vatican City State)','Citt','Europe','1920-04-01',1000,0),(95,'Honduras','Tegucigalpa','North America','1920-04-02',6485000,0),(96,'Hong Kong','Victoria','Asia','1920-04-03',6782000,0),(97,'Hungary','Budapest','Europe','1920-04-04',10043200,0),(98,'Iceland','Reykjav','Europe','1920-04-05',279000,0),(99,'India','New Delhi','Asia','1920-04-06',1013662000,0),(100,'Indonesia','Jakarta','Asia','1945-08-17',237641326,0),(101,'Iran','Tehran','Asia','1920-04-08',67702000,0),(102,'Iraq','Baghdad','Asia','1920-04-09',23115000,0),(103,'Ireland','Dublin','Europe','1920-04-10',3775100,0),(104,'Israel','Jerusalem','Asia','1948-04-11',6217000,0),(105,'Italy','Roma','Europe','1920-04-12',57680000,0),(106,'Ivory Coast','Yamoussoukro','Africa','1920-04-13',14786000,0),(107,'Jamaica','Kingston','North America','1920-04-14',2583000,0),(108,'Japan','Tokyo','Asia','1920-04-15',126714000,0),(109,'Jordan','Amman','Asia','1920-04-16',5083000,0),(110,'Kazakstan','Astana','Asia','1920-04-17',16223000,0),(111,'Kenya','Nairobi','Africa','1920-04-18',30080000,0),(112,'Kiribati','Bairiki','Oceania','1920-04-19',83000,0),(113,'Kuwait','Kuwait','Asia','1920-04-20',1972000,0),(114,'Kyrgyzstan','Bishkek','Asia','1920-04-21',4699000,0),(115,'Laos','Vientiane','Asia','1920-04-22',5433000,0),(116,'Latvia','Riga','Europe','1920-04-23',2424200,0),(117,'Lebanon','Beirut','Asia','1920-04-24',3282000,0),(118,'Lesotho','Maseru','Africa','1920-04-25',2153000,0),(119,'Liberia','Monrovia','Africa','1920-04-26',3154000,0),(120,'Libyan Arab Jamahiriya','Tripoli','Africa','1920-04-27',5605000,0),(121,'Liechtenstein','Vaduz','Europe','1920-04-28',32300,0),(122,'Lithuania','Vilnius','Europe','1920-04-29',3698500,0),(123,'Luxembourg','Luxembourg [Luxemburg/L','Europe','1920-04-30',435700,0),(124,'Macao','Macao','Asia','1920-05-01',473000,0),(125,'Macedonia','Skopje','Europe','1920-05-02',2024000,0),(126,'Madagascar','Antananarivo','Africa','1920-05-03',15942000,0),(127,'Malawi','Lilongwe','Africa','1920-05-04',10925000,0),(128,'Malaysia','Kuala Lumpur','Asia','1920-05-05',22244000,0),(129,'Maldives','Male','Asia','1920-05-06',286000,0),(130,'Mali','Bamako','Africa','1920-05-07',11234000,0),(131,'Malta','Valletta','Europe','1920-05-08',380200,0),(132,'Marshall Islands','Dalap-Uliga-Darrit','Oceania','1920-05-09',64000,0),(133,'Martinique','Fort-de-France','North America','1920-05-10',395000,0),(134,'Mauritania','Nouakchott','Africa','1920-05-11',2670000,0),(135,'Mauritius','Port-Louis','Africa','1920-05-12',1158000,0),(136,'Mayotte','Mamoutzou','Africa','1920-05-13',149000,0),(137,'Mexico','Ciudad de M','North America','1920-05-14',98881000,0),(138,'Moldova','Chisinau','Europe','1920-05-15',4380000,0),(139,'Monaco','Monaco-Ville','Europe','1920-05-16',34000,0),(140,'Mongolia','Ulan Bator','Asia','1920-05-17',2662000,0),(141,'Montserrat','Plymouth','North America','1920-05-18',11000,0),(142,'Morocco','Rabat','Africa','1920-05-19',28351000,0),(143,'Mozambique','Maputo','Africa','1920-05-20',19680000,0),(144,'Myanmar','Rangoon (Yangon)','Asia','1920-05-21',45611000,0),(145,'Namibia','Windhoek','Africa','1920-05-22',1726000,0),(146,'Nauru','Yaren','Oceania','1920-05-23',12000,0),(147,'Nepal','Kathmandu','Asia','1920-05-24',26494504,0),(148,'Netherlands','Amsterdam','Europe','1920-05-25',15864000,0),(149,'Netherlands Antilles','Willemstad','North America','1920-05-26',217000,0),(150,'New Caledonia','Noum','Oceania','1920-05-27',214000,0),(151,'New Zealand','Wellington','Oceania','1920-05-28',3862000,0),(152,'Nicaragua','Managua','North America','1920-05-29',5074000,0),(153,'Niger','Niamey','Africa','1920-05-30',10730000,0),(154,'Nigeria','Abuja','Africa','1920-05-31',111506000,0),(155,'Niue','Alofi','Oceania','1920-06-01',2000,0),(156,'Norfolk Island','Kingston','Oceania','1920-06-02',2000,0),(157,'North Korea','Pyongyang','Asia','1920-06-03',24039000,0),(158,'Northern Ireland','Belfast','Europe','1920-06-04',0,0),(159,'Northern Mariana Islands','Garapan','Oceania','1920-06-05',78000,0),(160,'Norway','Oslo','Europe','1920-06-06',4478500,0),(161,'Oman','Masqat','Asia','1920-06-07',2542000,0),(162,'Pakistan','Islamabad','Asia','1920-06-08',156483000,0),(163,'Palau','Koror','Oceania','1920-06-09',19000,0),(164,'Palestine','Gaza','Asia','1920-06-10',3101000,0),(165,'Panama','Ciudad de Panam','North America','1920-06-11',2856000,0),(166,'Papua New Guinea','Port Moresby','Oceania','1920-06-12',4807000,0),(167,'Paraguay','Asunci','South America','1920-06-13',5496000,0),(168,'Peru','Lima','South America','1920-06-14',25662000,0),(169,'Philippines','Manila','Asia','1920-06-15',75967000,0),(170,'Pitcairn','Adamstown','Oceania','1920-06-16',50,0),(171,'Poland','Warszawa','Europe','1920-06-17',38653600,0),(172,'Portugal','Lisboa','Europe','1920-06-18',9997600,0),(173,'Puerto Rico','San Juan','North America','1920-06-19',3869000,0),(174,'Qatar','Doha','Asia','1920-06-20',599000,0),(175,'Reunion','Saint-Denis','Africa','1920-06-21',699000,0),(176,'Romania','Bucuresti','Europe','1920-06-22',22455500,0),(177,'Russian Federation','Moscow','Europe','1920-06-23',146934000,0),(178,'Rwanda','Kigali','Africa','1920-06-24',7733000,0),(179,'Saint Helena','Jamestown','Africa','1920-06-25',6000,0),(180,'Saint Kitts and Nevis','Basseterre','North America','1920-06-26',38000,0),(181,'Saint Lucia','Castries','North America','1920-06-27',154000,0),(182,'Saint Pierre and Miquelon','Saint-Pierre','North America','1920-06-28',7000,0),(183,'Saint Vincent and the Grenadines','Kingstown','North America','1920-06-29',114000,0),(184,'Samoa','Apia','Oceania','1920-06-30',180000,0),(185,'San Marino','San Marino','Europe','1920-07-01',27000,0),(186,'Sao Tome and Principe','Sao Tome','Africa','1920-07-02',147000,0),(187,'Saudi Arabia','Riyadh','Asia','1932-07-03',21607000,0),(188,'Scotland','Edinburgh','Europe','1920-07-04',0,0),(189,'Senegal','Dakar','Africa','1920-07-05',9481000,0),(190,'Seychelles','Victoria','Africa','1920-07-06',77000,0),(191,'Sierra Leone','Freetown','Africa','1920-07-07',4854000,0),(192,'Singapore','Singapore','Asia','1965-07-08',3567000,0),(193,'Slovakia','Bratislava','Europe','1920-07-09',5398700,0),(194,'Slovenia','Ljubljana','Europe','1920-07-10',1987800,0),(195,'Solomon Islands','Honiara','Oceania','1920-07-11',444000,0),(196,'Somalia','Mogadishu','Africa','1920-07-12',10097000,0),(197,'South Africa','Pretoria','Africa','1920-07-13',40377000,0),(198,'South Georgia and the South Sandwich Islands','','Antarctica','1920-07-14',0,0),(199,'South Korea','Seoul','Asia','1920-07-15',46844000,0),(200,'South Sudan','Juba','Africa','1920-07-16',12042910,0),(201,'Spain','Madrid','Europe','1492-07-17',39441700,0),(202,'Sri Lanka','Sri Jayawardenapura-Kotte','Asia','1920-07-18',0,0),(203,'Sudan','Khartum','Africa','1920-07-19',29490000,0),(204,'Suriname','Paramaribo','South America','1920-07-20',417000,0),(205,'Svalbard and Jan Mayen','Longyearbyen','Europe','1920-07-21',3200,0),(206,'Swaziland','Mbabane','Africa','1920-07-22',1008000,0),(207,'Sweden','Stockholm','Europe','1920-07-23',8861400,0),(208,'Switzerland','Bern','Europe','1920-07-24',7160400,0),(209,'Syria','Damascus','Asia','1920-07-25',16125000,0),(210,'Tajikistan','Dushanbe','Asia','1920-07-26',6188000,0),(211,'Tanzania','Dodoma','Africa','1920-07-27',33517000,0),(212,'Thailand','Bangkok','Asia','1920-07-28',61399000,0),(213,'Togo','Lom','Africa','1920-07-29',4629000,0),(214,'Tokelau','Fakaofo','Oceania','1920-07-30',2000,0),(215,'Tonga','Nuku`alofa','Oceania','1920-07-31',99000,0),(216,'Trinidad and Tobago','Port-of-Spain','North America','1920-08-01',1295000,0),(217,'Tunisia','Tunis','Africa','1920-08-02',9586000,0),(218,'Turkey','Ankara','Asia','1920-08-03',66591000,0),(219,'Turkmenistan','Ashgabat','Asia','1920-08-04',4459000,0),(220,'Turks and Caicos Islands','Cockburn Town','North America','1920-08-05',17000,0),(221,'Tuvalu','Funafuti','Oceania','1920-08-06',12000,0),(222,'Uganda','Kampala','Africa','1920-08-07',21778000,0),(223,'Ukraine','Kyiv','Europe','1920-08-08',50456000,0),(224,'United Arab Emirates','Abu Dhabi','Asia','1920-08-09',2441000,0),(225,'United Kingdom','London','Europe','1066-08-10',59623400,0),(226,'United States','Washington','North America','1776-08-11',278357000,0),(227,'United States Minor Outlying Islands','','Oceania','1920-08-12',0,0),(228,'Uruguay','Montevideo','South America','1920-08-13',3337000,0),(229,'Uzbekistan','Toskent','Asia','1920-08-14',24318000,0),(230,'Vanuatu','Port-Vila','Oceania','1920-08-15',190000,0),(231,'Venezuela','Caracas','South America','1920-08-16',24170000,0),(232,'Vietnam','Hanoi','Asia','1920-08-17',79832000,0),(233,'Virgin Islands, British','Road Town','Europe','1920-08-18',0,0),(234,'Virgin Islands, U.S.','Charlotte Amalie','North America','1920-08-19',0,0),(235,'Wales','Cardiff','Europe','1920-08-20',0,0),(236,'Wallis and Futuna','Mata-Utu','Oceania','1920-08-21',15000,0),(237,'Western Sahara','El-Aai','Africa','1920-08-22',293000,0),(238,'Yemen','Sanaa','Asia','1918-08-23',18112000,0),(239,'Yugoslavia','Beograd','Europe','1918-08-24',10640000,0),(240,'Zambia','Lusaka','Africa','1964-08-25',9169000,0),(241,'Zimbabwe','Harare','Africa','1980-08-26',11669000,0);
/*!40000 ALTER TABLE `country_data` ENABLE KEYS */;
UNLOCK TABLES;

--
-- Table structure for table `log_system`
--

DROP TABLE IF EXISTS `log_system`;
/*!40101 SET @saved_cs_client     = @@character_set_client */;
/*!40101 SET character_set_client = utf8 */;
CREATE TABLE `log_system` (
  `id` int(11) NOT NULL AUTO_INCREMENT,
  `date_time` datetime DEFAULT NULL,
  `status` varchar(45) DEFAULT NULL,
  `actor` varchar(45) DEFAULT NULL,
  `code` varchar(45) DEFAULT NULL,
  `description` varchar(5000) DEFAULT NULL,
  PRIMARY KEY (`id`)
) ENGINE=InnoDB AUTO_INCREMENT=198 DEFAULT CHARSET=latin1;
/*!40101 SET character_set_client = @saved_cs_client */;

--
-- Dumping data for table `log_system`
--

LOCK TABLES `log_system` WRITE;
/*!40000 ALTER TABLE `log_system` DISABLE KEYS */;
INSERT INTO `log_system` VALUES (51,'2018-10-30 15:26:48','SUKSES','admin','Login','LOGIN Country App Seed ip-address: 127.0.0.1'),(52,'2018-10-30 15:28:15','SUKSES','admin','Login','LOGIN Country App Seed ip-address: 127.0.0.1'),(53,'2018-10-30 15:29:01','SUKSES','admin','Login','LOGIN Country App Seed ip-address: 127.0.0.1'),(54,'2018-10-30 15:30:02','SUKSES','admin','Login','LOGIN Country App Seed ip-address: 127.0.0.1'),(55,'2018-10-30 15:31:02','SUKSES','admin','Login','LOGIN Country App Seed ip-address: 127.0.0.1'),(56,'2018-10-30 15:34:37','SUKSES','admin','Login','LOGIN Country App Seed ip-address: 127.0.0.1'),(57,'2018-10-30 15:35:35','SUKSES','admin','Login','LOGIN Country App Seed ip-address: 127.0.0.1'),(58,'2018-10-30 15:39:37','SUKSES','admin','Login','LOGIN Country App Seed ip-address: 127.0.0.1'),(59,'2018-10-30 15:42:22','SUKSES','admin','Login','LOGIN Country App Seed ip-address: 127.0.0.1'),(60,'2018-10-30 15:42:39','SUKSES','admin','Login','LOGIN Country App Seed ip-address: 127.0.0.1'),(61,'2018-10-30 15:45:20','SUKSES','admin','Login','LOGIN Country App Seed ip-address: 127.0.0.1'),(62,'2018-10-30 16:00:47','SUKSES','admin','Login','LOGIN Country App Seed ip-address: 127.0.0.1'),(63,'2018-10-30 16:13:46','SUKSES','admin','Login','LOGIN Country App Seed ip-address: 127.0.0.1'),(64,'2018-10-30 16:35:15','SUKSES','admin','Login','LOGIN Country App Seed ip-address: 127.0.0.1'),(65,'2018-10-31 08:58:05','SUKSES','admin','Login','LOGIN Country App Seed ip-address: 127.0.0.1'),(66,'2018-10-31 09:20:12','SUKSES','admin','Login','LOGIN Country App Seed ip-address: 127.0.0.1'),(67,'2018-10-31 09:26:42','SUKSES','admin','Login','LOGIN Country App Seed ip-address: 127.0.0.1'),(68,'2018-10-31 09:27:58','SUKSES','hellocountry','Login','LOGIN Country App Seed ip-address: 127.0.0.1'),(69,'2018-10-31 09:53:22','SUKSES','admin','Login','LOGIN Country App Seed ip-address: 127.0.0.1'),(70,'2018-10-31 10:13:18','SUKSES','admin','Login','LOGIN Country App Seed ip-address: 127.0.0.1'),(71,'2018-10-31 10:46:17','SUKSES','admin','Login','LOGIN Country App Seed ip-address: 127.0.0.1'),(72,'2018-10-31 11:23:57','SUKSES','admin','Login','LOGIN Country App Seed ip-address: 127.0.0.1'),(73,'2018-10-31 11:26:35','SUKSES','hellocountry','Login','LOGIN Country App Seed ip-address: 127.0.0.1'),(74,'2018-10-31 11:31:09','SUKSES','admin','Login','LOGIN Country App Seed ip-address: 127.0.0.1'),(75,'2018-10-31 11:46:28','SUKSES','admin','Login','LOGIN Country App Seed ip-address: 127.0.0.1'),(76,'2018-10-31 12:11:01','SUKSES','admin','Login','LOGIN Country App Seed ip-address: 127.0.0.1'),(77,'2018-10-31 12:55:04','SUKSES','admin','Login','LOGIN Country App Seed ip-address: 127.0.0.1'),(78,'2018-10-31 13:09:50','SUKSES','admin','Login','LOGIN Country App Seed ip-address: 127.0.0.1'),(79,'2018-10-31 13:29:20','SUKSES','admin','Login','LOGIN Country App Seed ip-address: 127.0.0.1'),(80,'2018-10-31 14:01:48','SUKSES','admin','Login','LOGIN Country App Seed ip-address: 127.0.0.1'),(81,'2018-10-31 14:14:55','SUKSES','admin','Login','LOGIN Country App Seed ip-address: 127.0.0.1'),(82,'2018-10-31 14:43:57','SUKSES','admin','Login','LOGIN Country App Seed ip-address: 127.0.0.1'),(83,'2018-10-31 14:45:40','SUKSES','admin','Login','LOGIN Country App Seed ip-address: 127.0.0.1'),(84,'2018-10-31 14:49:13','SUKSES','admin','Login','LOGIN Country App Seed ip-address: 127.0.0.1'),(85,'2018-10-31 14:58:56','SUKSES','admin','Login','LOGIN Country App Seed ip-address: 127.0.0.1'),(86,'2018-10-31 15:12:13','SUKSES','admin','Login','LOGIN Country App Seed ip-address: 127.0.0.1'),(87,'2018-10-31 15:24:26','SUKSES','admin','Login','LOGIN Country App Seed ip-address: 127.0.0.1'),(88,'2018-10-31 15:53:46','SUKSES','admin','Login','LOGIN Country App Seed ip-address: 127.0.0.1'),(89,'2018-11-01 08:45:08','SUKSES','admin','Login','LOGIN Country App Seed ip-address: 127.0.0.1'),(90,'2018-11-01 09:07:27','SUKSES','admin','Login','LOGIN Country App Seed ip-address: 127.0.0.1'),(91,'2018-11-01 09:37:36','SUKSES','admin','Login','LOGIN Country App Seed ip-address: 127.0.0.1'),(92,'2018-11-01 10:42:53','SUKSES','admin','Login','LOGIN Country App Seed ip-address: 127.0.0.1'),(93,'2018-11-01 11:22:14','SUKSES','admin','Login','LOGIN Country App Seed ip-address: 127.0.0.1'),(94,'2018-11-01 11:58:16','SUKSES','admin','Login','LOGIN Country App Seed ip-address: 127.0.0.1'),(95,'2018-11-01 12:16:15','SUKSES','admin','Login','LOGIN Country App Seed ip-address: 127.0.0.1'),(96,'2018-11-01 12:50:09','SUKSES','admin','Login','LOGIN Country App Seed ip-address: 127.0.0.1'),(97,'2018-11-01 13:23:31','SUKSES','admin','Login','LOGIN Country App Seed ip-address: 127.0.0.1'),(98,'2018-11-01 13:37:44','SUKSES','admin','Login','LOGIN Country App Seed ip-address: 127.0.0.1'),(99,'2018-11-01 13:57:40','SUKSES','admin','Login','LOGIN Country App Seed ip-address: 127.0.0.1'),(100,'2018-11-01 14:22:05','SUKSES','admin','Login','LOGIN Country App Seed ip-address: 127.0.0.1'),(101,'2018-11-01 14:32:50','SUKSES','admin','Login','LOGIN Country App Seed ip-address: 127.0.0.1'),(102,'2018-11-01 14:44:58','SUKSES','admin','Login','LOGIN Country App Seed ip-address: 127.0.0.1'),(103,'2018-11-01 15:01:27','SUKSES','admin','Login','LOGIN Country App Seed ip-address: 127.0.0.1'),(104,'2018-11-01 15:25:46','SUKSES','admin','Login','LOGIN Country App Seed ip-address: 127.0.0.1'),(105,'2018-11-01 15:42:36','SUKSES','admin','Login','LOGIN Country App Seed ip-address: 127.0.0.1'),(106,'2018-11-05 08:36:19','SUKSES','admin','Login','LOGIN Country App Seed ip-address: 127.0.0.1'),(107,'2018-11-05 09:03:17','SUKSES','admin','Login','LOGIN Country App Seed ip-address: 127.0.0.1'),(108,'2018-11-05 09:22:02','SUKSES','admin','Login','LOGIN Country App Seed ip-address: 127.0.0.1'),(109,'2018-11-05 09:53:54','SUKSES','admin','Login','LOGIN Country App Seed ip-address: 127.0.0.1'),(110,'2018-11-05 10:11:33','SUKSES','admin','Login','LOGIN Country App Seed ip-address: 127.0.0.1'),(111,'2018-11-05 11:02:08','SUKSES','admin','Login','LOGIN Country App Seed ip-address: 127.0.0.1'),(112,'2018-11-05 11:20:49','SUKSES','admin','Login','LOGIN Country App Seed ip-address: 127.0.0.1'),(113,'2018-11-05 12:12:31','SUKSES','admin','Login','LOGIN Country App Seed ip-address: 127.0.0.1'),(114,'2018-11-05 13:28:59','SUKSES','admin','Login','LOGIN Country App Seed ip-address: 127.0.0.1'),(115,'2018-11-05 13:57:15','SUKSES','admin','Login','LOGIN Country App Seed ip-address: 127.0.0.1'),(116,'2018-11-05 14:26:55','SUKSES','admin','Login','LOGIN Country App Seed ip-address: 127.0.0.1'),(117,'2018-11-05 14:47:24','SUKSES','admin','Login','LOGIN Country App Seed ip-address: 127.0.0.1'),(118,'2018-11-05 14:51:16','SUKSES','admin','Login','LOGIN Country App Seed ip-address: 127.0.0.1'),(119,'2018-11-05 14:56:15','SUKSES','admin','Login','LOGIN Country App Seed ip-address: 127.0.0.1'),(120,'2018-11-05 15:14:05','SUKSES','admin','Login','LOGIN Country App Seed ip-address: 127.0.0.1'),(121,'2018-11-05 15:15:33','SUKSES','admin','Login','LOGIN Country App Seed ip-address: 127.0.0.1'),(122,'2018-11-05 15:18:46','SUKSES','admin','Login','LOGIN Country App Seed ip-address: 127.0.0.1'),(123,'2018-11-05 15:19:12','SUKSES','admin','Login','LOGIN Country App Seed ip-address: 127.0.0.1'),(124,'2018-11-05 15:19:52','SUKSES','hellocountry','Login','LOGIN Country App Seed ip-address: 127.0.0.1'),(125,'2018-11-05 15:20:03','SUKSES','admin','Login','LOGIN Country App Seed ip-address: 127.0.0.1'),(126,'2018-11-05 15:47:08','SUKSES','admin','Login','LOGIN Country App Seed ip-address: 127.0.0.1'),(127,'2018-11-05 15:48:09','SUKSES','hellocountry','Login','LOGIN Country App Seed ip-address: 127.0.0.1'),(128,'2018-11-05 15:48:34','SUKSES','admin','Login','LOGIN Country App Seed ip-address: 127.0.0.1'),(129,'2018-11-05 16:04:55','SUKSES','admin','Login','LOGIN Country App Seed ip-address: 127.0.0.1'),(130,'2018-11-06 08:46:38','SUKSES','admin','Login','LOGIN Country App Seed ip-address: 127.0.0.1'),(131,'2018-11-06 09:08:29','SUKSES','admin','Login','LOGIN Country App Seed ip-address: 127.0.0.1'),(132,'2018-11-06 09:31:04','SUKSES','admin','Login','LOGIN Country App Seed ip-address: 127.0.0.1'),(133,'2018-11-06 09:51:20','SUKSES','admin','Login','LOGIN Country App Seed ip-address: 127.0.0.1'),(134,'2018-11-06 09:51:33','SUKSES','hellocountry','Login','LOGIN Country App Seed ip-address: 127.0.0.1'),(135,'2018-11-06 10:11:15','SUKSES','admin','Login','LOGIN Country App Seed ip-address: 127.0.0.1'),(136,'2018-11-06 10:30:16','SUKSES','hellocountry','Login','LOGIN Country App Seed ip-address: 127.0.0.1'),(137,'2018-11-06 10:30:16','SUKSES','hellocountry','Login','LOGIN Country App Seed ip-address: 127.0.0.1'),(138,'2018-11-06 10:53:46','SUKSES','admin','Login','LOGIN Country App Seed ip-address: 127.0.0.1'),(139,'2018-11-06 10:55:23','SUKSES','admin','Login','LOGIN Country App Seed ip-address: 127.0.0.1'),(140,'2018-11-06 11:27:14','SUKSES','admin','Login','LOGIN Country App Seed ip-address: 127.0.0.1'),(141,'2018-11-06 11:30:15','SUKSES','hellocountry','Login','LOGIN Country App Seed ip-address: 127.0.0.1'),(142,'2018-11-06 11:30:29','SUKSES','admin','Login','LOGIN Country App Seed ip-address: 127.0.0.1'),(143,'2018-11-06 11:43:35','SUKSES','admin','Login','LOGIN Country App Seed ip-address: 127.0.0.1'),(144,'2018-11-06 11:44:14','SUKSES','admin','Login','LOGIN Country App Seed ip-address: 127.0.0.1'),(145,'2018-11-06 11:44:40','SUKSES','hellocountry','Login','LOGIN Country App Seed ip-address: 127.0.0.1'),(146,'2018-11-06 12:46:18','SUKSES','admin','Login','LOGIN Country App Seed ip-address: 127.0.0.1'),(147,'2018-11-06 13:11:02','SUKSES','admin','Login','LOGIN Country App Seed ip-address: 127.0.0.1'),(148,'2018-11-06 13:49:25','SUKSES','admin','Login','LOGIN Country App Seed ip-address: 127.0.0.1'),(149,'2018-11-06 13:50:13','SUKSES','hellocountry','Login','LOGIN Country App Seed ip-address: 127.0.0.1'),(150,'2018-11-06 14:11:56','SUKSES','admin','Login','LOGIN Country App Seed ip-address: 127.0.0.1'),(151,'2018-11-06 14:13:03','SUKSES','admin','Login','LOGIN Country App Seed ip-address: 127.0.0.1'),(152,'2018-11-06 14:13:47','SUKSES','admin','Login','LOGIN Country App Seed ip-address: 127.0.0.1'),(153,'2018-11-06 14:13:58','SUKSES','hellocountry','Login','LOGIN Country App Seed ip-address: 127.0.0.1'),(154,'2018-11-06 14:22:02','SUKSES','admin','Login','LOGIN Country App Seed ip-address: 127.0.0.1'),(155,'2018-11-06 14:29:17','SUKSES','hellocountry','Login','LOGIN Country App Seed ip-address: 127.0.0.1'),(156,'2018-11-06 14:29:43','SUKSES','admin','Login','LOGIN Country App Seed ip-address: 127.0.0.1'),(157,'2018-11-07 10:31:18','SUKSES','admin','Login','LOGIN Country App Seed ip-address: 127.0.0.1'),(158,'2018-11-07 10:39:00','SUKSES','tester','Login','LOGIN Country App Seed ip-address: 127.0.0.1'),(159,'2018-11-07 11:11:00','SUKSES','admin','Login','LOGIN Country App Seed ip-address: 127.0.0.1'),(160,'2018-11-07 11:11:08','SUKSES','tester','Login','LOGIN Country App Seed ip-address: 127.0.0.1'),(161,'2018-11-07 11:17:35','SUKSES','admin','Login','LOGIN Country App Seed ip-address: 127.0.0.1'),(162,'2018-11-07 14:30:26','SUKSES','admin','Login','LOGIN Country App Seed ip-address: 127.0.0.1'),(163,'2018-11-07 14:30:43','SUKSES','tester','Login','LOGIN Country App Seed ip-address: 127.0.0.1'),(164,'2018-11-07 15:21:49','SUKSES','tester','Login','LOGIN Country App Seed ip-address: 127.0.0.1'),(165,'2018-11-07 15:24:02','SUKSES','admin','Login','LOGIN Country App Seed ip-address: 127.0.0.1'),(166,'2018-11-07 15:24:56','SUKSES','tester','Login','LOGIN Country App Seed ip-address: 127.0.0.1'),(167,'2018-11-07 15:25:48','SUKSES','tester','Login','LOGIN Country App Seed ip-address: 127.0.0.1'),(168,'2018-11-07 15:39:50','SUKSES','tester','Login','LOGIN Country App Seed ip-address: 127.0.0.1'),(169,'2018-11-07 15:40:09','SUKSES','tester','Login','LOGIN Country App Seed ip-address: 127.0.0.1'),(170,'2018-11-07 15:46:03','SUKSES','tester','Login','LOGIN Country App Seed ip-address: 127.0.0.1'),(171,'2018-11-07 16:00:50','SUKSES','admin','Login','LOGIN Country App Seed ip-address: 127.0.0.1'),(172,'2018-11-07 16:01:25','SUKSES','tester','Login','LOGIN Country App Seed ip-address: 127.0.0.1'),(173,'2018-11-07 16:02:21','SUKSES','tester','Login','LOGIN Country App Seed ip-address: 127.0.0.1'),(174,'2018-11-07 16:03:22','SUKSES','admin','Login','LOGIN Country App Seed ip-address: 127.0.0.1'),(175,'2018-11-07 16:05:28','SUKSES','tester','Login','LOGIN Country App Seed ip-address: 127.0.0.1'),(176,'2018-11-07 16:09:22','SUKSES','tester','Login','LOGIN Country App Seed ip-address: 127.0.0.1'),(177,'2018-11-07 16:21:37','SUKSES','tester','Login','LOGIN Country App Seed ip-address: 127.0.0.1'),(178,'2018-11-08 14:37:13','SUKSES','tester','Login','LOGIN Country App Seed ip-address: 127.0.0.1'),(179,'2018-11-08 14:44:35','SUKSES','admin','Login','LOGIN Country App Seed ip-address: 127.0.0.1'),(180,'2018-11-08 16:11:59','SUKSES','admin','Login','LOGIN Country App Seed ip-address: 127.0.0.1'),(181,'2018-11-08 16:13:47','SUKSES','admin','Login','LOGIN Country App Seed ip-address: 127.0.0.1'),(182,'2018-11-21 14:36:01','SUKSES','tester','Login','LOGIN Country App Seed ip-address: 127.0.0.1'),(183,'2018-11-21 14:36:46','SUKSES','admin','Login','LOGIN Country App Seed ip-address: 127.0.0.1'),(184,'2018-11-21 14:53:09','SUKSES','hellocountry','Login','LOGIN Country App Seed ip-address: 127.0.0.1'),(185,'2018-11-21 15:03:29','SUKSES','hellocountry','Login','LOGIN Country App Seed ip-address: 127.0.0.1'),(186,'2018-11-21 15:04:35','SUKSES','hellocountry','Login','LOGIN Country App Seed ip-address: 127.0.0.1'),(187,'2018-11-21 15:31:26','SUKSES','hellocountry','Login','LOGIN Country App Seed ip-address: 127.0.0.1'),(188,'2018-11-21 15:41:43','SUKSES','tester','Login','LOGIN Country App Seed ip-address: 127.0.0.1'),(189,'2018-11-21 15:47:09','SUKSES','admin','Login','LOGIN Country App Seed ip-address: 127.0.0.1'),(190,'2018-11-22 14:41:48','SUKSES','admin','Login','LOGIN Country App Seed ip-address: 127.0.0.1'),(191,'2018-11-22 14:46:06','SUKSES','hellocountry','Login','LOGIN Country App Seed ip-address: 127.0.0.1'),(192,'2018-11-23 13:47:42','SUKSES','hellocountry','Login','LOGIN Country App Seed ip-address: 127.0.0.1'),(193,'2018-11-27 09:39:13','SUKSES','hellocountry','Login','LOGIN Country App Seed ip-address: 127.0.0.1'),(194,'2018-11-27 09:39:17','SUKSES','hellocountry','Login','LOGIN Country App Seed ip-address: 127.0.0.1'),(195,'2018-11-27 09:39:27','SUKSES','admin','Login','LOGIN Country App Seed ip-address: 127.0.0.1'),(196,'2018-11-27 09:57:51','SUKSES','hellocountry','Login','LOGIN Country App Seed ip-address: 127.0.0.1'),(197,'2018-11-27 09:59:13','SUKSES','hellocountry','Login','LOGIN Country App Seed ip-address: 127.0.0.1');
/*!40000 ALTER TABLE `log_system` ENABLE KEYS */;
UNLOCK TABLES;

--
-- Table structure for table `member`
--

DROP TABLE IF EXISTS `member`;
/*!40101 SET @saved_cs_client     = @@character_set_client */;
/*!40101 SET character_set_client = utf8 */;
CREATE TABLE `member` (
  `id` int(11) NOT NULL AUTO_INCREMENT,
  `username` varchar(50) NOT NULL,
  `password` varchar(255) NOT NULL,
  `password_salt` varchar(100) NOT NULL,
  `email` varchar(255) DEFAULT NULL,
  `version` int(11) NOT NULL DEFAULT '0',
  `modified_by` varchar(50) NOT NULL,
  `modified_date` datetime NOT NULL,
  `role` varchar(20) NOT NULL,
  `path_picture` varchar(255) DEFAULT NULL,
  `auth_token` varchar(100) DEFAULT NULL,
  PRIMARY KEY (`id`),
  UNIQUE KEY `username_UNIQUE` (`username`)
) ENGINE=InnoDB AUTO_INCREMENT=23 DEFAULT CHARSET=latin1;
/*!40101 SET character_set_client = @saved_cs_client */;

--
-- Dumping data for table `member`
--

LOCK TABLES `member` WRITE;
/*!40000 ALTER TABLE `member` DISABLE KEYS */;
INSERT INTO `member` VALUES (20,'admin','1ca8d9dc8d3140f520da61282d43b8843da0c8db28ab64116a9d9a6b2d3cbb8a','p2emmnsr3erin685200ul2qusufkcu7navnv898ln53tbt4b8c','admin@mail.com',0,'admin','2018-10-31 09:21:24','admin',NULL,NULL),(21,'hellocountry','4b8763636ef00d4223558ca93cd33cc2d2507eb9b09dc1409a287902ce668bff','g1o1svjfvij5acdq1ee37rgdf9llnr3opn2cempuin0ctcjs21','hellocountry@email.com',0,'admin','2018-10-31 10:13:27','admin',NULL,NULL),(22,'tester','a9b43dc08eacd7023018fcda0a2114eb205915b891da29f85db54ff7d57dbd83','iiubofg6tc23cjo97kdcn8ghbgrfd2ds848h4gq1sbm3n91tll','email@email.com',0,'admin','2018-11-07 15:25:10','Read Role',NULL,NULL);
/*!40000 ALTER TABLE `member` ENABLE KEYS */;
UNLOCK TABLES;

--
-- Table structure for table `member_setting`
--

DROP TABLE IF EXISTS `member_setting`;
/*!40101 SET @saved_cs_client     = @@character_set_client */;
/*!40101 SET character_set_client = utf8 */;
CREATE TABLE `member_setting` (
  `id` int(11) NOT NULL AUTO_INCREMENT,
  `username` varchar(50) NOT NULL,
  `category` varchar(50) NOT NULL,
  `name` varchar(100) NOT NULL,
  `value` text,
  `modified_date` date DEFAULT NULL,
  PRIMARY KEY (`id`),
  UNIQUE KEY `uk_user_setting` (`username`,`category`,`name`),
  CONSTRAINT `fk_user_setting` FOREIGN KEY (`username`) REFERENCES `member` (`username`)
) ENGINE=InnoDB AUTO_INCREMENT=2 DEFAULT CHARSET=latin1;
/*!40101 SET character_set_client = @saved_cs_client */;

--
-- Dumping data for table `member_setting`
--

LOCK TABLES `member_setting` WRITE;
/*!40000 ALTER TABLE `member_setting` DISABLE KEYS */;
INSERT INTO `member_setting` VALUES (1,'admin','CmpCountry_tbl','tomi','[{\"prop\":\"Number\",\"width\":150,\"visible\":true,\"name\":\" Number\"},{\"prop\":\"name\",\"width\":150,\"visible\":false,\"name\":\"Country Name\"},{\"prop\":\"capital\",\"width\":150,\"visible\":false,\"name\":\"Capital City\"},{\"prop\":\"continent\",\"width\":150,\"visible\":true,\"name\":\"Continent\"},{\"prop\":\"independence\",\"width\":150,\"visible\":false,\"name\":\"Independence Day\"},{\"prop\":\"population\",\"width\":278,\"visible\":true,\"name\":\"Population\"}]','2018-11-06');
/*!40000 ALTER TABLE `member_setting` ENABLE KEYS */;
UNLOCK TABLES;

--
-- Table structure for table `permission`
--

DROP TABLE IF EXISTS `permission`;
/*!40101 SET @saved_cs_client     = @@character_set_client */;
/*!40101 SET character_set_client = utf8 */;
CREATE TABLE `permission` (
  `id` int(11) NOT NULL AUTO_INCREMENT,
  `code` varchar(50) NOT NULL,
  `description` varchar(255) DEFAULT NULL,
  `modified_by` varchar(50) NOT NULL,
  `modified_date` datetime NOT NULL,
  `version` int(11) NOT NULL,
  `module` varchar(255) DEFAULT NULL,
  PRIMARY KEY (`id`),
  UNIQUE KEY `code_UNIQUE` (`code`)
) ENGINE=InnoDB AUTO_INCREMENT=149 DEFAULT CHARSET=latin1;
/*!40101 SET character_set_client = @saved_cs_client */;

--
-- Dumping data for table `permission`
--

LOCK TABLES `permission` WRITE;
/*!40000 ALTER TABLE `permission` DISABLE KEYS */;
INSERT INTO `permission` VALUES (141,'user:write','Write User','HARCODED','2018-10-26 11:03:18',0,'user'),(142,'user:read','Read User','HARCODED','2018-10-26 11:03:35',0,'user'),(143,'role:write','Write Role','HARCODED','2018-10-26 11:03:46',0,'role'),(144,'role:read','Read Role','HARCODED','2018-10-26 11:03:56',0,'role'),(145,'country:write','Write Country','HARCODED','2018-10-26 11:04:13',0,'country'),(146,'country:read','Read Country','HARCODED','2018-10-26 11:04:26',0,'country'),(147,'city:write','Write City','HARCODED','2018-10-26 11:05:20',0,'city'),(148,'city:read','Read City','HARCODED','2018-10-26 11:05:29',0,'city');
/*!40000 ALTER TABLE `permission` ENABLE KEYS */;
UNLOCK TABLES;

--
-- Table structure for table `role`
--

DROP TABLE IF EXISTS `role`;
/*!40101 SET @saved_cs_client     = @@character_set_client */;
/*!40101 SET character_set_client = utf8 */;
CREATE TABLE `role` (
  `id` int(11) NOT NULL AUTO_INCREMENT,
  `name` varchar(20) NOT NULL,
  `description` varchar(255) DEFAULT NULL,
  `modified_by` varchar(50) NOT NULL,
  `modified_date` datetime NOT NULL,
  `version` int(11) NOT NULL,
  PRIMARY KEY (`id`),
  UNIQUE KEY `name_UNIQUE` (`name`)
) ENGINE=InnoDB AUTO_INCREMENT=5 DEFAULT CHARSET=latin1;
/*!40101 SET character_set_client = @saved_cs_client */;

--
-- Dumping data for table `role`
--

LOCK TABLES `role` WRITE;
/*!40000 ALTER TABLE `role` DISABLE KEYS */;
INSERT INTO `role` VALUES (3,'admin','admin','admin','2018-10-26 11:08:42',41),(4,'Read Role','All Access to read each page','admin','2018-11-07 16:09:17',7);
/*!40000 ALTER TABLE `role` ENABLE KEYS */;
UNLOCK TABLES;

--
-- Table structure for table `role_permission`
--

DROP TABLE IF EXISTS `role_permission`;
/*!40101 SET @saved_cs_client     = @@character_set_client */;
/*!40101 SET character_set_client = utf8 */;
CREATE TABLE `role_permission` (
  `role` varchar(20) NOT NULL,
  `permission` varchar(50) NOT NULL,
  PRIMARY KEY (`role`,`permission`),
  KEY `fk_role_permission_2_idx` (`permission`),
  CONSTRAINT `fk_role_permission_1` FOREIGN KEY (`role`) REFERENCES `role` (`name`) ON DELETE NO ACTION ON UPDATE NO ACTION,
  CONSTRAINT `fk_role_permission_2` FOREIGN KEY (`permission`) REFERENCES `permission` (`code`) ON DELETE NO ACTION ON UPDATE NO ACTION
) ENGINE=InnoDB DEFAULT CHARSET=latin1;
/*!40101 SET character_set_client = @saved_cs_client */;

--
-- Dumping data for table `role_permission`
--

LOCK TABLES `role_permission` WRITE;
/*!40000 ALTER TABLE `role_permission` DISABLE KEYS */;
INSERT INTO `role_permission` VALUES ('admin','city:write'),('admin','country:write'),('admin','role:write'),('admin','user:write');
/*!40000 ALTER TABLE `role_permission` ENABLE KEYS */;
UNLOCK TABLES;

--
-- Table structure for table `setting`
--

DROP TABLE IF EXISTS `setting`;
/*!40101 SET @saved_cs_client     = @@character_set_client */;
/*!40101 SET character_set_client = utf8 */;
CREATE TABLE `setting` (
  `id` int(11) NOT NULL AUTO_INCREMENT,
  `code` varchar(45) DEFAULT NULL,
  `description` varchar(255) DEFAULT NULL,
  `value` text,
  PRIMARY KEY (`id`)
) ENGINE=InnoDB AUTO_INCREMENT=5 DEFAULT CHARSET=latin1;
/*!40101 SET character_set_client = @saved_cs_client */;

--
-- Dumping data for table `setting`
--

LOCK TABLES `setting` WRITE;
/*!40000 ALTER TABLE `setting` DISABLE KEYS */;
INSERT INTO `setting` VALUES (1,'CAPITAL','pengaturan ini hanya berlaku untuk kondisi item yang sedang diedit','1'),(2,'PSN INCREMENT','PSN Code Increment','211'),(3,'PRICE','Pengaturan untuk menampilkan atau menyembunyikan kolom harga','0'),(4,'LICENSE','License','BASIC');
/*!40000 ALTER TABLE `setting` ENABLE KEYS */;
UNLOCK TABLES;
/*!40103 SET TIME_ZONE=@OLD_TIME_ZONE */;

/*!40101 SET SQL_MODE=@OLD_SQL_MODE */;
/*!40014 SET FOREIGN_KEY_CHECKS=@OLD_FOREIGN_KEY_CHECKS */;
/*!40014 SET UNIQUE_CHECKS=@OLD_UNIQUE_CHECKS */;
/*!40101 SET CHARACTER_SET_CLIENT=@OLD_CHARACTER_SET_CLIENT */;
/*!40101 SET CHARACTER_SET_RESULTS=@OLD_CHARACTER_SET_RESULTS */;
/*!40101 SET COLLATION_CONNECTION=@OLD_COLLATION_CONNECTION */;
/*!40111 SET SQL_NOTES=@OLD_SQL_NOTES */;

-- Dump completed on 2019-09-27 16:25:44
